"HITId","HITTypeId","Title","Description","Keywords","Reward","CreationTime","MaxAssignments","RequesterAnnotation","AssignmentDurationInSeconds","AutoApprovalDelayInSeconds","Expiration","NumberOfSimilarHITs","LifetimeInSeconds","AssignmentId","WorkerId","AssignmentStatus","AcceptTime","SubmitTime","AutoApprovalTime","ApprovalTime","RejectionTime","RequesterFeedback","WorkTimeInSeconds","LifetimeApprovalRate","Last30DaysApprovalRate","Last7DaysApprovalRate","Input.reply_to","Input.source","Input.url","Answer.counter.label","Approve","Reject"
"301KG0KX9CI9ECWWUO15B4S6BXE2HU","3P7L6K2EZ9XVGD5DVSKNTJFSSDFN4E","Counterspeech Identification","Counterspeech Identification","hate speech, counter speech, social media, identification","$0.01","Fri Feb 28 11:01:24 PST 2020","3","BatchId:3937885;OriginalHitTemplateId:928390909;","3600","259200","Fri Mar 06 11:01:24 PST 2020","","","33FBRBDW6PWW53KZEF17YO4FA0L8C8","AFQIHS5XX58NR","Submitted","Fri Feb 28 11:15:24 PST 2020","Fri Feb 28 11:15:30 PST 2020","Mon Mar 02 11:15:30 PST 2020","","","","6","0% (0/0)","0% (0/0)","0% (0/0)","original post","We also need a wall between big pharmas fake vaccines and us!!! https://youtu.be/qmzWq6Ej6Os","https://mbasic.facebook.com/story.php?story_fbid=10162169751605725&id=153080620724&p=770&av=100006202006442&eav=AfaFcy_n6BjJ7wRlfQvSe9y4gP9B0uGGNvqRQC1E-454ADX4z8TAxQiWb4h4HwKvrKU&refid=52","Warning"
"301KG0KX9CI9ECWWUO15B4S6BXE2HU","3P7L6K2EZ9XVGD5DVSKNTJFSSDFN4E","Counterspeech Identification","Counterspeech Identification","hate speech, counter speech, social media, identification","$0.01","Fri Feb 28 11:01:24 PST 2020","3","BatchId:3937885;OriginalHitTemplateId:928390909;","3600","259200","Fri Mar 06 11:01:24 PST 2020","","","3GFK2QRXXAEMWJ72X8U5YY1R0Q05WA","A9KV8Q3VJY3Q5","Submitted","Fri Feb 28 11:06:58 PST 2020","Fri Feb 28 11:07:04 PST 2020","Mon Mar 02 11:07:04 PST 2020","","","","6","0% (0/0)","0% (0/0)","0% (0/0)","original post","We also need a wall between big pharmas fake vaccines and us!!! https://youtu.be/qmzWq6Ej6Os","https://mbasic.facebook.com/story.php?story_fbid=10162169751605725&id=153080620724&p=770&av=100006202006442&eav=AfaFcy_n6BjJ7wRlfQvSe9y4gP9B0uGGNvqRQC1E-454ADX4z8TAxQiWb4h4HwKvrKU&refid=52","Humor"
"301KG0KX9CI9ECWWUO15B4S6BXE2HU","3P7L6K2EZ9XVGD5DVSKNTJFSSDFN4E","Counterspeech Identification","Counterspeech Identification","hate speech, counter speech, social media, identification","$0.01","Fri Feb 28 11:01:24 PST 2020","3","BatchId:3937885;OriginalHitTemplateId:928390909;","3600","259200","Fri Mar 06 11:01:24 PST 2020","","","3XM0HYN6NLWW8T3UWN9DAYZ8KMWEPP","A344S14EBWE8L4","Submitted","Fri Feb 28 11:07:37 PST 2020","Fri Feb 28 11:07:43 PST 2020","Mon Mar 02 11:07:43 PST 2020","","","","6","0% (0/0)","0% (0/0)","0% (0/0)","original post","We also need a wall between big pharmas fake vaccines and us!!! https://youtu.be/qmzWq6Ej6Os","https://mbasic.facebook.com/story.php?story_fbid=10162169751605725&id=153080620724&p=770&av=100006202006442&eav=AfaFcy_n6BjJ7wRlfQvSe9y4gP9B0uGGNvqRQC1E-454ADX4z8TAxQiWb4h4HwKvrKU&refid=52","Affiliation"
"301KG0KX9CI9ECWWUO15B4S6BXF2HV","3P7L6K2EZ9XVGD5DVSKNTJFSSDFN4E","Counterspeech Identification","Counterspeech Identification","hate speech, counter speech, social media, identification","$0.01","Fri Feb 28 11:02:11 PST 2020","3","BatchId:3937885;OriginalHitTemplateId:928390909;","3600","259200","Fri Mar 06 11:02:11 PST 2020","","","34HJIJKLP6TRLB3XTT6Z74CZTL94V0","A2SDK993QYEAWJ","Submitted","Fri Feb 28 11:30:45 PST 2020","Fri Feb 28 11:30:48 PST 2020","Mon Mar 02 11:30:48 PST 2020","","","","3","0% (0/0)","0% (0/0)","0% (0/0)","And also how about you sleep with your house unlocked and unalarmed.","And also how about you sleep with your house unlocked and unalarmed.","https://mbasic.facebook.com/comment/replies/?ctoken=10162169751605725_381595639332176&count=1&curr&pc=1&ft_ent_identifier=10162169751605725&gfid=AQBebQUdhUDUp4oz&refid=52&__tn__=R","Not Counterspeech"
"301KG0KX9CI9ECWWUO15B4S6BXF2HV","3P7L6K2EZ9XVGD5DVSKNTJFSSDFN4E","Counterspeech Identification","Counterspeech Identification","hate speech, counter speech, social media, identification","$0.01","Fri Feb 28 11:02:11 PST 2020","3","BatchId:3937885;OriginalHitTemplateId:928390909;","3600","259200","Fri Mar 06 11:02:11 PST 2020","","","3P59JYT76MH255KLKKNWD7RGCMYT2E","AWJKSPG8RWZF4","Submitted","Fri Feb 28 11:36:23 PST 2020","Fri Feb 28 11:36:29 PST 2020","Mon Mar 02 11:36:29 PST 2020","","","","6","0% (0/0)","0% (0/0)","0% (0/0)","And also how about you sleep with your house unlocked and unalarmed.","And also how about you sleep with your house unlocked and unalarmed.","https://mbasic.facebook.com/comment/replies/?ctoken=10162169751605725_381595639332176&count=1&curr&pc=1&ft_ent_identifier=10162169751605725&gfid=AQBebQUdhUDUp4oz&refid=52&__tn__=R","Facts/Logic"
"301KG0KX9CI9ECWWUO15B4S6BXF2HV","3P7L6K2EZ9XVGD5DVSKNTJFSSDFN4E","Counterspeech Identification","Counterspeech Identification","hate speech, counter speech, social media, identification","$0.01","Fri Feb 28 11:02:11 PST 2020","3","BatchId:3937885;OriginalHitTemplateId:928390909;","3600","259200","Fri Mar 06 11:02:11 PST 2020","","","3UXUOQ9OKFU4CAIIKWDAETIWZD1A7S","AT9UG11XAEDZL","Submitted","Fri Feb 28 11:44:22 PST 2020","Fri Feb 28 11:44:26 PST 2020","Mon Mar 02 11:44:26 PST 2020","","","","4","0% (0/0)","0% (0/0)","0% (0/0)","And also how about you sleep with your house unlocked and unalarmed.","And also how about you sleep with your house unlocked and unalarmed.","https://mbasic.facebook.com/comment/replies/?ctoken=10162169751605725_381595639332176&count=1&curr&pc=1&ft_ent_identifier=10162169751605725&gfid=AQBebQUdhUDUp4oz&refid=52&__tn__=R","Not Counterspeech"
"301KG0KX9CI9ECWWUO15B4S6BXFH2A","3P7L6K2EZ9XVGD5DVSKNTJFSSDFN4E","Counterspeech Identification","Counterspeech Identification","hate speech, counter speech, social media, identification","$0.01","Fri Feb 28 11:02:08 PST 2020","3","BatchId:3937885;OriginalHitTemplateId:928390909;","3600","259200","Fri Mar 06 11:02:08 PST 2020","","","304SM51WA41VEI72EDBH4VYY49VSBO","AT9UG11XAEDZL","Submitted","Fri Feb 28 11:29:42 PST 2020","Fri Feb 28 11:29:47 PST 2020","Mon Mar 02 11:29:47 PST 2020","","","","5","0% (0/0)","0% (0/0)","0% (0/0)","Curtis Rice Sir, youre so clever, youve blown my mind...","Christine M Terry   Ill Second that. !","https://mbasic.facebook.com/comment/replies/?ctoken=10162169751605725_780022362361014&count=19&curr&pc=1&ft_ent_identifier=10162169751605725&gfid=AQDJ90guZ7fCQq_R&refid=52&__tn__=R","Not Counterspeech"
"301KG0KX9CI9ECWWUO15B4S6BXFH2A","3P7L6K2EZ9XVGD5DVSKNTJFSSDFN4E","Counterspeech Identification","Counterspeech Identification","hate speech, counter speech, social media, identification","$0.01","Fri Feb 28 11:02:08 PST 2020","3","BatchId:3937885;OriginalHitTemplateId:928390909;","3600","259200","Fri Mar 06 11:02:08 PST 2020","","","3NAPMVF0ZXCF77NE7HKV8BZYNP627A","A1FEJS70EDTRVJ","Submitted","Fri Feb 28 11:30:08 PST 2020","Fri Feb 28 11:30:14 PST 2020","Mon Mar 02 11:30:14 PST 2020","","","","6","0% (0/0)","0% (0/0)","0% (0/0)","Curtis Rice Sir, youre so clever, youve blown my mind...","Christine M Terry   Ill Second that. !","https://mbasic.facebook.com/comment/replies/?ctoken=10162169751605725_780022362361014&count=19&curr&pc=1&ft_ent_identifier=10162169751605725&gfid=AQDJ90guZ7fCQq_R&refid=52&__tn__=R","Negative tone"
"301KG0KX9CI9ECWWUO15B4S6BXFH2A","3P7L6K2EZ9XVGD5DVSKNTJFSSDFN4E","Counterspeech Identification","Counterspeech Identification","hate speech, counter speech, social media, identification","$0.01","Fri Feb 28 11:02:08 PST 2020","3","BatchId:3937885;OriginalHitTemplateId:928390909;","3600","259200","Fri Mar 06 11:02:08 PST 2020","","","3UNH76FOCT2OTVN848TF0XXTXTVMYL","A9KV8Q3VJY3Q5","Submitted","Fri Feb 28 11:29:36 PST 2020","Fri Feb 28 11:29:41 PST 2020","Mon Mar 02 11:29:41 PST 2020","","","","5","0% (0/0)","0% (0/0)","0% (0/0)","Curtis Rice Sir, youre so clever, youve blown my mind...","Christine M Terry   Ill Second that. !","https://mbasic.facebook.com/comment/replies/?ctoken=10162169751605725_780022362361014&count=19&curr&pc=1&ft_ent_identifier=10162169751605725&gfid=AQDJ90guZ7fCQq_R&refid=52&__tn__=R","Negative tone"
"301KG0KX9CI9ECWWUO15B4S6BXG2HW","3P7L6K2EZ9XVGD5DVSKNTJFSSDFN4E","Counterspeech Identification","Counterspeech Identification","hate speech, counter speech, social media, identification","$0.01","Fri Feb 28 11:03:01 PST 2020","3","BatchId:3937885;OriginalHitTemplateId:928390909;","3600","259200","Fri Mar 06 11:03:01 PST 2020","","","34HJIJKLP6TRLB3XTT6Z74CZTLHV4Z","A1FEJS70EDTRVJ","Submitted","Fri Feb 28 12:14:03 PST 2020","Fri Feb 28 12:14:10 PST 2020","Mon Mar 02 12:14:10 PST 2020","","","","7","0% (0/0)","0% (0/0)","0% (0/0)","Do they also work for mass shootings????","Arturo Rosales I don't know if it does or not but I do know this is what you sound and look like when you stop your TDS treatments! https://youtu.be/wDYNVH0U3cs","https://mbasic.facebook.com/comment/replies/?ctoken=10162169751605725_10162170411920725&count=3&curr&pc=1&ft_ent_identifier=10162169751605725&gfid=AQCJNBK00SNZtAO5&refid=52&__tn__=R","Not Counterspeech"
"301KG0KX9CI9ECWWUO15B4S6BXG2HW","3P7L6K2EZ9XVGD5DVSKNTJFSSDFN4E","Counterspeech Identification","Counterspeech Identification","hate speech, counter speech, social media, identification","$0.01","Fri Feb 28 11:03:01 PST 2020","3","BatchId:3937885;OriginalHitTemplateId:928390909;","3600","259200","Fri Mar 06 11:03:01 PST 2020","","","3D4CH1LGEBQ90KJELT34OBK5SY7G9R","A1SK0GV4SSOH1A","Submitted","Fri Feb 28 12:10:51 PST 2020","Fri Feb 28 12:10:57 PST 2020","Mon Mar 02 12:10:57 PST 2020","","","","6","0% (0/0)","0% (0/0)","0% (0/0)","Do they also work for mass shootings????","Arturo Rosales I don't know if it does or not but I do know this is what you sound and look like when you stop your TDS treatments! https://youtu.be/wDYNVH0U3cs","https://mbasic.facebook.com/comment/replies/?ctoken=10162169751605725_10162170411920725&count=3&curr&pc=1&ft_ent_identifier=10162169751605725&gfid=AQCJNBK00SNZtAO5&refid=52&__tn__=R","Not Counterspeech"
"301KG0KX9CI9ECWWUO15B4S6BXG2HW","3P7L6K2EZ9XVGD5DVSKNTJFSSDFN4E","Counterspeech Identification","Counterspeech Identification","hate speech, counter speech, social media, identification","$0.01","Fri Feb 28 11:03:01 PST 2020","3","BatchId:3937885;OriginalHitTemplateId:928390909;","3600","259200","Fri Mar 06 11:03:01 PST 2020","","","3PIWWX1FJK38XYMOFBFKAIQOGV0JJT","A3BCGN11HDM8QR","Submitted","Fri Feb 28 12:11:51 PST 2020","Fri Feb 28 12:11:57 PST 2020","Mon Mar 02 12:11:57 PST 2020","","","","6","0% (0/0)","0% (0/0)","0% (0/0)","Do they also work for mass shootings????","Arturo Rosales I don't know if it does or not but I do know this is what you sound and look like when you stop your TDS treatments! https://youtu.be/wDYNVH0U3cs","https://mbasic.facebook.com/comment/replies/?ctoken=10162169751605725_10162170411920725&count=3&curr&pc=1&ft_ent_identifier=10162169751605725&gfid=AQCJNBK00SNZtAO5&refid=52&__tn__=R","Negative tone"
"301KG0KX9CI9ECWWUO15B4S6BXGH2B","3P7L6K2EZ9XVGD5DVSKNTJFSSDFN4E","Counterspeech Identification","Counterspeech Identification","hate speech, counter speech, social media, identification","$0.01","Fri Feb 28 11:02:55 PST 2020","3","BatchId:3937885;OriginalHitTemplateId:928390909;","3600","259200","Fri Mar 06 11:02:55 PST 2020","","","31Z0PCVWULC9R6HRQW4R9Y8ON2OT7Y","A32IS852XM3D17","Submitted","Fri Feb 28 12:00:06 PST 2020","Fri Feb 28 12:00:19 PST 2020","Mon Mar 02 12:00:19 PST 2020","","","","13","0% (0/0)","0% (0/0)","0% (0/0)","original post","Thank you sir for declaration of an emergency. You did the right thing. Fight fight sir.  Protect us all. Thank you..drain that swamp.","https://mbasic.facebook.com/comment/replies/?ctoken=10162169751605725_535912843565954&p=7&count=27&pc=1&ft_ent_identifier=10162169751605725&gfid=AQBYCLVOdX6lJQyH&refid=52&__tn__=R","Negative tone"
"301KG0KX9CI9ECWWUO15B4S6BXGH2B","3P7L6K2EZ9XVGD5DVSKNTJFSSDFN4E","Counterspeech Identification","Counterspeech Identification","hate speech, counter speech, social media, identification","$0.01","Fri Feb 28 11:02:55 PST 2020","3","BatchId:3937885;OriginalHitTemplateId:928390909;","3600","259200","Fri Mar 06 11:02:55 PST 2020","","","3ATTHHXXWBLDX777EX9LPQJ3EENIX1","A344S14EBWE8L4","Submitted","Fri Feb 28 11:57:46 PST 2020","Fri Feb 28 11:57:55 PST 2020","Mon Mar 02 11:57:55 PST 2020","","","","9","0% (0/0)","0% (0/0)","0% (0/0)","original post","Thank you sir for declaration of an emergency. You did the right thing. Fight fight sir.  Protect us all. Thank you..drain that swamp.","https://mbasic.facebook.com/comment/replies/?ctoken=10162169751605725_535912843565954&p=7&count=27&pc=1&ft_ent_identifier=10162169751605725&gfid=AQBYCLVOdX6lJQyH&refid=52&__tn__=R","Positive tone"
"301KG0KX9CI9ECWWUO15B4S6BXGH2B","3P7L6K2EZ9XVGD5DVSKNTJFSSDFN4E","Counterspeech Identification","Counterspeech Identification","hate speech, counter speech, social media, identification","$0.01","Fri Feb 28 11:02:55 PST 2020","3","BatchId:3937885;OriginalHitTemplateId:928390909;","3600","259200","Fri Mar 06 11:02:55 PST 2020","","","3SITXWYCNW63AZT18NH433FQJO4BXM","A2SDK993QYEAWJ","Submitted","Fri Feb 28 12:02:46 PST 2020","Fri Feb 28 12:02:53 PST 2020","Mon Mar 02 12:02:53 PST 2020","","","","7","0% (0/0)","0% (0/0)","0% (0/0)","original post","Thank you sir for declaration of an emergency. You did the right thing. Fight fight sir.  Protect us all. Thank you..drain that swamp.","https://mbasic.facebook.com/comment/replies/?ctoken=10162169751605725_535912843565954&p=7&count=27&pc=1&ft_ent_identifier=10162169751605725&gfid=AQBYCLVOdX6lJQyH&refid=52&__tn__=R","Counterspeech"
"301KG0KX9CI9ECWWUO15B4S6BXH2HX","3P7L6K2EZ9XVGD5DVSKNTJFSSDFN4E","Counterspeech Identification","Counterspeech Identification","hate speech, counter speech, social media, identification","$0.01","Fri Feb 28 11:03:57 PST 2020","3","BatchId:3937885;OriginalHitTemplateId:928390909;","3600","259200","Fri Mar 06 11:03:57 PST 2020","","","308Q0PEVB9ANWBP9BH379NXL7B59II","A1FEJS70EDTRVJ","Submitted","Fri Feb 28 12:44:15 PST 2020","Fri Feb 28 12:44:20 PST 2020","Mon Mar 02 12:44:20 PST 2020","","","","5","0% (0/0)","0% (0/0)","0% (0/0)","original post","I feel your pain but trumps wall is wrong","https://mbasic.facebook.com/story.php?story_fbid=10162169751605725&id=153080620724&p=1370&av=100006202006442&eav=Afbhq5SrTJpd93SYL2ERHQQReVQ2J2Y8a4DMN7wIVZjwOMxA3wAlNsGHxBXLW3NPgFE&refid=52","Positive tone"
"301KG0KX9CI9ECWWUO15B4S6BXH2HX","3P7L6K2EZ9XVGD5DVSKNTJFSSDFN4E","Counterspeech Identification","Counterspeech Identification","hate speech, counter speech, social media, identification","$0.01","Fri Feb 28 11:03:57 PST 2020","3","BatchId:3937885;OriginalHitTemplateId:928390909;","3600","259200","Fri Mar 06 11:03:57 PST 2020","","","36PW28KO40TPLPXS74RGK3ADL0GEAT","ARUXF7MD6PFIJ","Submitted","Fri Feb 28 12:43:26 PST 2020","Fri Feb 28 12:44:19 PST 2020","Mon Mar 02 12:44:19 PST 2020","","","","53","0% (0/0)","0% (0/0)","0% (0/0)","original post","I feel your pain but trumps wall is wrong","https://mbasic.facebook.com/story.php?story_fbid=10162169751605725&id=153080620724&p=1370&av=100006202006442&eav=Afbhq5SrTJpd93SYL2ERHQQReVQ2J2Y8a4DMN7wIVZjwOMxA3wAlNsGHxBXLW3NPgFE&refid=52","Facts/Logic"
"301KG0KX9CI9ECWWUO15B4S6BXH2HX","3P7L6K2EZ9XVGD5DVSKNTJFSSDFN4E","Counterspeech Identification","Counterspeech Identification","hate speech, counter speech, social media, identification","$0.01","Fri Feb 28 11:03:57 PST 2020","3","BatchId:3937885;OriginalHitTemplateId:928390909;","3600","259200","Fri Mar 06 11:03:57 PST 2020","","","3VE8AYVF8NU38F495HR86UPI7D0F8D","A2SN4E7PX1NCLY","Submitted","Fri Feb 28 13:19:55 PST 2020","Fri Feb 28 13:20:10 PST 2020","Mon Mar 02 13:20:10 PST 2020","","","","15","0% (0/0)","0% (0/0)","0% (0/0)","original post","I feel your pain but trumps wall is wrong","https://mbasic.facebook.com/story.php?story_fbid=10162169751605725&id=153080620724&p=1370&av=100006202006442&eav=Afbhq5SrTJpd93SYL2ERHQQReVQ2J2Y8a4DMN7wIVZjwOMxA3wAlNsGHxBXLW3NPgFE&refid=52","Not Counterspeech"
"301KG0KX9CI9ECWWUO15B4S6BXHH2C","3P7L6K2EZ9XVGD5DVSKNTJFSSDFN4E","Counterspeech Identification","Counterspeech Identification","hate speech, counter speech, social media, identification","$0.01","Fri Feb 28 11:03:46 PST 2020","3","BatchId:3937885;OriginalHitTemplateId:928390909;","3600","259200","Fri Mar 06 11:03:46 PST 2020","","","36PW28KO40TPLPXS74RGK3ADL0EEAR","A1SK0GV4SSOH1A","Submitted","Fri Feb 28 12:31:25 PST 2020","Fri Feb 28 12:31:31 PST 2020","Mon Mar 02 12:31:31 PST 2020","","","","6","0% (0/0)","0% (0/0)","0% (0/0)","original post","God bless you Mr President! You the best!!!","https://mbasic.facebook.com/story.php?story_fbid=10162169751605725&id=153080620724&p=1190&av=100006202006442&eav=AfZ45lJsNnCzZPjSSKSlMzeFMGelp6ZT-ha4DAe2RBgEMHUNlldZlT8wm__fquXVQRA&refid=52","Negative tone"
"301KG0KX9CI9ECWWUO15B4S6BXHH2C","3P7L6K2EZ9XVGD5DVSKNTJFSSDFN4E","Counterspeech Identification","Counterspeech Identification","hate speech, counter speech, social media, identification","$0.01","Fri Feb 28 11:03:46 PST 2020","3","BatchId:3937885;OriginalHitTemplateId:928390909;","3600","259200","Fri Mar 06 11:03:46 PST 2020","","","3FFJ6VRIL2L50H1WBLKEGCWS47A0IW","A2MCNGY62MPRI5","Submitted","Fri Feb 28 12:34:56 PST 2020","Fri Feb 28 12:35:03 PST 2020","Mon Mar 02 12:35:03 PST 2020","","","","7","0% (0/0)","0% (0/0)","0% (0/0)","original post","God bless you Mr President! You the best!!!","https://mbasic.facebook.com/story.php?story_fbid=10162169751605725&id=153080620724&p=1190&av=100006202006442&eav=AfZ45lJsNnCzZPjSSKSlMzeFMGelp6ZT-ha4DAe2RBgEMHUNlldZlT8wm__fquXVQRA&refid=52","Negative tone"
"301KG0KX9CI9ECWWUO15B4S6BXHH2C","3P7L6K2EZ9XVGD5DVSKNTJFSSDFN4E","Counterspeech Identification","Counterspeech Identification","hate speech, counter speech, social media, identification","$0.01","Fri Feb 28 11:03:46 PST 2020","3","BatchId:3937885;OriginalHitTemplateId:928390909;","3600","259200","Fri Mar 06 11:03:46 PST 2020","","","3NPI0JQDAP2YXCLRMIY89KZ9NW1PT8","AT9UG11XAEDZL","Submitted","Fri Feb 28 12:33:23 PST 2020","Fri Feb 28 12:33:27 PST 2020","Mon Mar 02 12:33:27 PST 2020","","","","4","0% (0/0)","0% (0/0)","0% (0/0)","original post","God bless you Mr President! You the best!!!","https://mbasic.facebook.com/story.php?story_fbid=10162169751605725&id=153080620724&p=1190&av=100006202006442&eav=AfZ45lJsNnCzZPjSSKSlMzeFMGelp6ZT-ha4DAe2RBgEMHUNlldZlT8wm__fquXVQRA&refid=52","Not Counterspeech"
"301KG0KX9CI9ECWWUO15B4S6BXI2HY","3P7L6K2EZ9XVGD5DVSKNTJFSSDFN4E","Counterspeech Identification","Counterspeech Identification","hate speech, counter speech, social media, identification","$0.01","Fri Feb 28 11:04:46 PST 2020","3","BatchId:3937885;OriginalHitTemplateId:928390909;","3600","259200","Fri Mar 06 11:04:46 PST 2020","","","3CPLWGV3MPWFAC008XGZEVT2TBFN9U","A14OPFM8OFA4WF","Submitted","Fri Feb 28 14:39:34 PST 2020","Fri Feb 28 14:39:39 PST 2020","Mon Mar 02 14:39:39 PST 2020","","","","5","0% (0/0)","0% (0/0)","0% (0/0)","original post","Thank you President Trump","https://mbasic.facebook.com/story.php?story_fbid=10162169751605725&id=153080620724&p=2580&av=100006202006442&eav=AfYyOG63ejkSpXIuw-AvGzLwssp1pPC4d15E3Ktz7Cgdk1T7AnKL4QCTxuXidDL240c&refid=52","Positive tone"
"301KG0KX9CI9ECWWUO15B4S6BXI2HY","3P7L6K2EZ9XVGD5DVSKNTJFSSDFN4E","Counterspeech Identification","Counterspeech Identification","hate speech, counter speech, social media, identification","$0.01","Fri Feb 28 11:04:46 PST 2020","3","BatchId:3937885;OriginalHitTemplateId:928390909;","3600","259200","Fri Mar 06 11:04:46 PST 2020","","","3RWE2M8QWI7XEICN81X6LKS9Q7J0NT","A1SK0GV4SSOH1A","Submitted","Fri Feb 28 14:25:23 PST 2020","Fri Feb 28 14:25:29 PST 2020","Mon Mar 02 14:25:29 PST 2020","","","","6","0% (0/0)","0% (0/0)","0% (0/0)","original post","Thank you President Trump","https://mbasic.facebook.com/story.php?story_fbid=10162169751605725&id=153080620724&p=2580&av=100006202006442&eav=AfYyOG63ejkSpXIuw-AvGzLwssp1pPC4d15E3Ktz7Cgdk1T7AnKL4QCTxuXidDL240c&refid=52","Affiliation"
"301KG0KX9CI9ECWWUO15B4S6BXI2HY","3P7L6K2EZ9XVGD5DVSKNTJFSSDFN4E","Counterspeech Identification","Counterspeech Identification","hate speech, counter speech, social media, identification","$0.01","Fri Feb 28 11:04:46 PST 2020","3","BatchId:3937885;OriginalHitTemplateId:928390909;","3600","259200","Fri Mar 06 11:04:46 PST 2020","","","3VHHR074H4EL8T9MHN20N7Y7TPL7LS","A1FEJS70EDTRVJ","Submitted","Fri Feb 28 13:57:52 PST 2020","Fri Feb 28 13:58:00 PST 2020","Mon Mar 02 13:58:00 PST 2020","","","","8","0% (0/0)","0% (0/0)","0% (0/0)","original post","Thank you President Trump","https://mbasic.facebook.com/story.php?story_fbid=10162169751605725&id=153080620724&p=2580&av=100006202006442&eav=AfYyOG63ejkSpXIuw-AvGzLwssp1pPC4d15E3Ktz7Cgdk1T7AnKL4QCTxuXidDL240c&refid=52","Affiliation"
"301KG0KX9CI9ECWWUO15B4S6BXIH2D","3P7L6K2EZ9XVGD5DVSKNTJFSSDFN4E","Counterspeech Identification","Counterspeech Identification","hate speech, counter speech, social media, identification","$0.01","Fri Feb 28 11:04:37 PST 2020","3","BatchId:3937885;OriginalHitTemplateId:928390909;","3600","259200","Fri Mar 06 11:04:37 PST 2020","","","37TRT2X24RO2FFOCRJ23CU7B8RBBJM","A1FEJS70EDTRVJ","Submitted","Fri Feb 28 14:27:23 PST 2020","Fri Feb 28 14:27:29 PST 2020","Mon Mar 02 14:27:29 PST 2020","","","","6","0% (0/0)","0% (0/0)","0% (0/0)","original post","God bless President Donald Trump","https://mbasic.facebook.com/story.php?story_fbid=10162169751605725&id=153080620724&p=2150&av=100006202006442&eav=AfaKKpz_E7FVnwmScPuSEPqoKzwja4uImN3yP6b5o4ZefcMtxsxWpA0Xr_78CCHDQPU&refid=52","Affiliation"
"301KG0KX9CI9ECWWUO15B4S6BXIH2D","3P7L6K2EZ9XVGD5DVSKNTJFSSDFN4E","Counterspeech Identification","Counterspeech Identification","hate speech, counter speech, social media, identification","$0.01","Fri Feb 28 11:04:37 PST 2020","3","BatchId:3937885;OriginalHitTemplateId:928390909;","3600","259200","Fri Mar 06 11:04:37 PST 2020","","","3NPFYT4IZD1Z1G1CO99I4E6NZ2SXGN","A38EHOL0U2BTV0","Submitted","Fri Feb 28 15:24:07 PST 2020","Fri Feb 28 15:24:35 PST 2020","Mon Mar 02 15:24:35 PST 2020","","","","28","0% (0/0)","0% (0/0)","0% (0/0)","original post","God bless President Donald Trump","https://mbasic.facebook.com/story.php?story_fbid=10162169751605725&id=153080620724&p=2150&av=100006202006442&eav=AfaKKpz_E7FVnwmScPuSEPqoKzwja4uImN3yP6b5o4ZefcMtxsxWpA0Xr_78CCHDQPU&refid=52","Not Counterspeech"
"301KG0KX9CI9ECWWUO15B4S6BXIH2D","3P7L6K2EZ9XVGD5DVSKNTJFSSDFN4E","Counterspeech Identification","Counterspeech Identification","hate speech, counter speech, social media, identification","$0.01","Fri Feb 28 11:04:37 PST 2020","3","BatchId:3937885;OriginalHitTemplateId:928390909;","3600","259200","Fri Mar 06 11:04:37 PST 2020","","","3OUYGIZWR8VXH3O0OGAYP9X4QM50PA","A344S14EBWE8L4","Submitted","Fri Feb 28 16:25:52 PST 2020","Fri Feb 28 16:26:04 PST 2020","Mon Mar 02 16:26:04 PST 2020","","","","12","0% (0/0)","0% (0/0)","0% (0/0)","original post","God bless President Donald Trump","https://mbasic.facebook.com/story.php?story_fbid=10162169751605725&id=153080620724&p=2150&av=100006202006442&eav=AfaKKpz_E7FVnwmScPuSEPqoKzwja4uImN3yP6b5o4ZefcMtxsxWpA0Xr_78CCHDQPU&refid=52","Warning"
"301KG0KX9CI9ECWWUO15B4S6BXJ2HZ","3P7L6K2EZ9XVGD5DVSKNTJFSSDFN4E","Counterspeech Identification","Counterspeech Identification","hate speech, counter speech, social media, identification","$0.01","Fri Feb 28 11:05:28 PST 2020","3","BatchId:3937885;OriginalHitTemplateId:928390909;","3600","259200","Fri Mar 06 11:05:28 PST 2020","","","3H7Z272LX84AEZDMD9WHNTPSTKGPL8","A1FEJS70EDTRVJ","Submitted","Fri Feb 28 16:31:48 PST 2020","Fri Feb 28 16:31:53 PST 2020","Mon Mar 02 16:31:53 PST 2020","","","","5","0% (0/0)","0% (0/0)","0% (0/0)","original post","","https://mbasic.facebook.com/story.php?story_fbid=10162169751605725&id=153080620724&p=3060&av=100006202006442&eav=AfblBdCJN_AVd1AvjpcoyF0gcGnIAb2m0NvbY3BP7PpCwiAsOcfogp3UH5XiD56p15M&refid=52","Affiliation"
"301KG0KX9CI9ECWWUO15B4S6BXJ2HZ","3P7L6K2EZ9XVGD5DVSKNTJFSSDFN4E","Counterspeech Identification","Counterspeech Identification","hate speech, counter speech, social media, identification","$0.01","Fri Feb 28 11:05:28 PST 2020","3","BatchId:3937885;OriginalHitTemplateId:928390909;","3600","259200","Fri Mar 06 11:05:28 PST 2020","","","3JZQSN0I3R7I1UAROF3WY76GVX5GFO","A2EDXG20X549GI","Submitted","Fri Feb 28 16:12:14 PST 2020","Fri Feb 28 16:12:18 PST 2020","Mon Mar 02 16:12:18 PST 2020","","","","4","0% (0/0)","0% (0/0)","0% (0/0)","original post","","https://mbasic.facebook.com/story.php?story_fbid=10162169751605725&id=153080620724&p=3060&av=100006202006442&eav=AfblBdCJN_AVd1AvjpcoyF0gcGnIAb2m0NvbY3BP7PpCwiAsOcfogp3UH5XiD56p15M&refid=52","Affiliation"
"301KG0KX9CI9ECWWUO15B4S6BXJ2HZ","3P7L6K2EZ9XVGD5DVSKNTJFSSDFN4E","Counterspeech Identification","Counterspeech Identification","hate speech, counter speech, social media, identification","$0.01","Fri Feb 28 11:05:28 PST 2020","3","BatchId:3937885;OriginalHitTemplateId:928390909;","3600","259200","Fri Mar 06 11:05:28 PST 2020","","","3O6CYIULEEY3HYXHY92D6AT7Z83WUV","A38EHOL0U2BTV0","Submitted","Fri Feb 28 15:37:07 PST 2020","Fri Feb 28 15:37:35 PST 2020","Mon Mar 02 15:37:35 PST 2020","","","","28","0% (0/0)","0% (0/0)","0% (0/0)","original post","","https://mbasic.facebook.com/story.php?story_fbid=10162169751605725&id=153080620724&p=3060&av=100006202006442&eav=AfblBdCJN_AVd1AvjpcoyF0gcGnIAb2m0NvbY3BP7PpCwiAsOcfogp3UH5XiD56p15M&refid=52","Not Counterspeech"
"301KG0KX9CI9ECWWUO15B4S6BXJH2E","3P7L6K2EZ9XVGD5DVSKNTJFSSDFN4E","Counterspeech Identification","Counterspeech Identification","hate speech, counter speech, social media, identification","$0.01","Fri Feb 28 11:05:27 PST 2020","3","BatchId:3937885;OriginalHitTemplateId:928390909;","3600","259200","Fri Mar 06 11:05:27 PST 2020","","","3CPLWGV3MPWFAC008XGZEVT2TBVN9A","A344S14EBWE8L4","Submitted","Fri Feb 28 16:05:14 PST 2020","Fri Feb 28 16:05:22 PST 2020","Mon Mar 02 16:05:22 PST 2020","","","","8","0% (0/0)","0% (0/0)","0% (0/0)","original post","How sad. Bless you.","https://mbasic.facebook.com/story.php?story_fbid=10162169751605725&id=153080620724&p=3720&av=100006202006442&eav=AfZMQ7oGWlpGNJklINBMT1y7CkpRx0HTfw9oCD3m243Sh4Nn0oiEl_uPYh2jpNOfh-Y&refid=52","Facts/Logic"
"301KG0KX9CI9ECWWUO15B4S6BXJH2E","3P7L6K2EZ9XVGD5DVSKNTJFSSDFN4E","Counterspeech Identification","Counterspeech Identification","hate speech, counter speech, social media, identification","$0.01","Fri Feb 28 11:05:27 PST 2020","3","BatchId:3937885;OriginalHitTemplateId:928390909;","3600","259200","Fri Mar 06 11:05:27 PST 2020","","","3FIJLY1B6V1OE73QRYTJSGK8WOLPFU","A1FEJS70EDTRVJ","Submitted","Fri Feb 28 15:34:06 PST 2020","Fri Feb 28 15:34:17 PST 2020","Mon Mar 02 15:34:17 PST 2020","","","","11","0% (0/0)","0% (0/0)","0% (0/0)","original post","How sad. Bless you.","https://mbasic.facebook.com/story.php?story_fbid=10162169751605725&id=153080620724&p=3720&av=100006202006442&eav=AfZMQ7oGWlpGNJklINBMT1y7CkpRx0HTfw9oCD3m243Sh4Nn0oiEl_uPYh2jpNOfh-Y&refid=52","Facts/Logic"
"301KG0KX9CI9ECWWUO15B4S6BXJH2E","3P7L6K2EZ9XVGD5DVSKNTJFSSDFN4E","Counterspeech Identification","Counterspeech Identification","hate speech, counter speech, social media, identification","$0.01","Fri Feb 28 11:05:27 PST 2020","3","BatchId:3937885;OriginalHitTemplateId:928390909;","3600","259200","Fri Mar 06 11:05:27 PST 2020","","","3L4PIM1GQUDFQB009GPWMWR33H0RYM","A38EHOL0U2BTV0","Submitted","Fri Feb 28 15:39:20 PST 2020","Fri Feb 28 15:39:48 PST 2020","Mon Mar 02 15:39:48 PST 2020","","","","28","0% (0/0)","0% (0/0)","0% (0/0)","original post","How sad. Bless you.","https://mbasic.facebook.com/story.php?story_fbid=10162169751605725&id=153080620724&p=3720&av=100006202006442&eav=AfZMQ7oGWlpGNJklINBMT1y7CkpRx0HTfw9oCD3m243Sh4Nn0oiEl_uPYh2jpNOfh-Y&refid=52","Not Counterspeech"
"301KG0KX9CI9ECWWUO15B4S6BXK2H0","3P7L6K2EZ9XVGD5DVSKNTJFSSDFN4E","Counterspeech Identification","Counterspeech Identification","hate speech, counter speech, social media, identification","$0.01","Fri Feb 28 11:06:19 PST 2020","3","BatchId:3937885;OriginalHitTemplateId:928390909;","3600","259200","Fri Mar 06 11:06:19 PST 2020","","","39OWYR0EPLOINLVRILP257DK0TSYF1","A38EHOL0U2BTV0","Submitted","Fri Feb 28 15:56:31 PST 2020","Fri Feb 28 15:56:59 PST 2020","Mon Mar 02 15:56:59 PST 2020","","","","28","0% (0/0)","0% (0/0)","0% (0/0)","Kim Miller fucktard","Kim Miller oh you must be ok with killing babies too","https://mbasic.facebook.com/comment/replies/?ctoken=10162169751605725_168500234131353&count=3&curr&pc=1&ft_ent_identifier=10162169751605725&gfid=AQCQohVHg9yGkUp_&refid=52&__tn__=R","Not Counterspeech"
"301KG0KX9CI9ECWWUO15B4S6BXK2H0","3P7L6K2EZ9XVGD5DVSKNTJFSSDFN4E","Counterspeech Identification","Counterspeech Identification","hate speech, counter speech, social media, identification","$0.01","Fri Feb 28 11:06:19 PST 2020","3","BatchId:3937885;OriginalHitTemplateId:928390909;","3600","259200","Fri Mar 06 11:06:19 PST 2020","","","3TE3O857315PPQ7TGVI1DSQYO2H2RS","A1SK0GV4SSOH1A","Submitted","Fri Feb 28 16:58:31 PST 2020","Fri Feb 28 16:58:36 PST 2020","Mon Mar 02 16:58:36 PST 2020","","","","5","0% (0/0)","0% (0/0)","0% (0/0)","Kim Miller fucktard","Kim Miller oh you must be ok with killing babies too","https://mbasic.facebook.com/comment/replies/?ctoken=10162169751605725_168500234131353&count=3&curr&pc=1&ft_ent_identifier=10162169751605725&gfid=AQCQohVHg9yGkUp_&refid=52&__tn__=R","Not Counterspeech"
"301KG0KX9CI9ECWWUO15B4S6BXK2H0","3P7L6K2EZ9XVGD5DVSKNTJFSSDFN4E","Counterspeech Identification","Counterspeech Identification","hate speech, counter speech, social media, identification","$0.01","Fri Feb 28 11:06:19 PST 2020","3","BatchId:3937885;OriginalHitTemplateId:928390909;","3600","259200","Fri Mar 06 11:06:19 PST 2020","","","3WJEQKOXA9ZQ1O3GVGW1DJRJWSF1A2","A344S14EBWE8L4","Submitted","Fri Feb 28 16:55:39 PST 2020","Fri Feb 28 16:55:44 PST 2020","Mon Mar 02 16:55:44 PST 2020","","","","5","0% (0/0)","0% (0/0)","0% (0/0)","Kim Miller fucktard","Kim Miller oh you must be ok with killing babies too","https://mbasic.facebook.com/comment/replies/?ctoken=10162169751605725_168500234131353&count=3&curr&pc=1&ft_ent_identifier=10162169751605725&gfid=AQCQohVHg9yGkUp_&refid=52&__tn__=R","Positive tone"
"301KG0KX9CI9ECWWUO15B4S6BXKH2F","3P7L6K2EZ9XVGD5DVSKNTJFSSDFN4E","Counterspeech Identification","Counterspeech Identification","hate speech, counter speech, social media, identification","$0.01","Fri Feb 28 11:06:46 PST 2020","3","BatchId:3937885;OriginalHitTemplateId:928390909;","3600","259200","Fri Mar 06 11:06:46 PST 2020","","","3A9AA95ATXJWCAA1LMGA64TV7UN5P7","A2EDXG20X549GI","Submitted","Fri Feb 28 17:26:45 PST 2020","Fri Feb 28 17:26:49 PST 2020","Mon Mar 02 17:26:49 PST 2020","","","","4","0% (0/0)","0% (0/0)","0% (0/0)","Hal Eric mitlitski, you are literally too dumb to insult.","Dante Noel   A liberal loon not supporting this ""POLICY!""  Perhaps you should have studied something that would have given you a career and at the same time taught you how to properly construct a sentence!   Perhaps you could move to the Hague and sit on the UN's International Court of Justice!!! You know, the Court that caters to dictatorships and terrorist regimes, while degrading and finding fault with  democracies, especially Israel and the United States!!!  I'm sure you'd fit right in!!!!","https://mbasic.facebook.com/comment/replies/?ctoken=10162169751605725_10162170376710725&p=10&count=41&pc=2&pgdir=1&ft_ent_identifier=10162169751605725&gfid=AQBXbsNeLXDlNs_p","Negative tone"
"301KG0KX9CI9ECWWUO15B4S6BXKH2F","3P7L6K2EZ9XVGD5DVSKNTJFSSDFN4E","Counterspeech Identification","Counterspeech Identification","hate speech, counter speech, social media, identification","$0.01","Fri Feb 28 11:06:46 PST 2020","3","BatchId:3937885;OriginalHitTemplateId:928390909;","3600","259200","Fri Mar 06 11:06:46 PST 2020","","","3SNLUL3WO5KN64LIUVVBXZCR115LUX","A38EHOL0U2BTV0","Submitted","Fri Feb 28 16:07:19 PST 2020","Fri Feb 28 16:07:47 PST 2020","Mon Mar 02 16:07:47 PST 2020","","","","28","0% (0/0)","0% (0/0)","0% (0/0)","Hal Eric mitlitski, you are literally too dumb to insult.","Dante Noel   A liberal loon not supporting this ""POLICY!""  Perhaps you should have studied something that would have given you a career and at the same time taught you how to properly construct a sentence!   Perhaps you could move to the Hague and sit on the UN's International Court of Justice!!! You know, the Court that caters to dictatorships and terrorist regimes, while degrading and finding fault with  democracies, especially Israel and the United States!!!  I'm sure you'd fit right in!!!!","https://mbasic.facebook.com/comment/replies/?ctoken=10162169751605725_10162170376710725&p=10&count=41&pc=2&pgdir=1&ft_ent_identifier=10162169751605725&gfid=AQBXbsNeLXDlNs_p","Not Counterspeech"
"301KG0KX9CI9ECWWUO15B4S6BXKH2F","3P7L6K2EZ9XVGD5DVSKNTJFSSDFN4E","Counterspeech Identification","Counterspeech Identification","hate speech, counter speech, social media, identification","$0.01","Fri Feb 28 11:06:46 PST 2020","3","BatchId:3937885;OriginalHitTemplateId:928390909;","3600","259200","Fri Mar 06 11:06:46 PST 2020","","","3X87C8JFV78IIO9RXV87ZKTXQAHQSL","A344S14EBWE8L4","Submitted","Fri Feb 28 17:29:56 PST 2020","Fri Feb 28 17:30:08 PST 2020","Mon Mar 02 17:30:08 PST 2020","","","","12","0% (0/0)","0% (0/0)","0% (0/0)","Hal Eric mitlitski, you are literally too dumb to insult.","Dante Noel   A liberal loon not supporting this ""POLICY!""  Perhaps you should have studied something that would have given you a career and at the same time taught you how to properly construct a sentence!   Perhaps you could move to the Hague and sit on the UN's International Court of Justice!!! You know, the Court that caters to dictatorships and terrorist regimes, while degrading and finding fault with  democracies, especially Israel and the United States!!!  I'm sure you'd fit right in!!!!","https://mbasic.facebook.com/comment/replies/?ctoken=10162169751605725_10162170376710725&p=10&count=41&pc=2&pgdir=1&ft_ent_identifier=10162169751605725&gfid=AQBXbsNeLXDlNs_p","Facts/Logic"
"301KG0KX9CI9ECWWUO15B4S6BXL2H1","3P7L6K2EZ9XVGD5DVSKNTJFSSDFN4E","Counterspeech Identification","Counterspeech Identification","hate speech, counter speech, social media, identification","$0.01","Fri Feb 28 11:07:15 PST 2020","3","BatchId:3937885;OriginalHitTemplateId:928390909;","3600","259200","Fri Mar 06 11:07:15 PST 2020","","","326O153BMJVNJW04REIIA4IJ65PDEA","A2EDXG20X549GI","Submitted","Fri Feb 28 18:30:24 PST 2020","Fri Feb 28 18:30:27 PST 2020","Mon Mar 02 18:30:27 PST 2020","","","","3","0% (0/0)","0% (0/0)","0% (0/0)","""The only national emergency is that our president is an idiot""  Ann Coulter","Antonio Acquarelli end running Congress is true overreach.  Take off your MAGAt hat and give your brain some oxygen.","https://mbasic.facebook.com/comment/replies/?ctoken=10162169751605725_281203416123615&count=38&curr&pc=1&ft_ent_identifier=10162169751605725&gfid=AQA5jALpc3lc5vVb&refid=52&__tn__=R","Affiliation"
"301KG0KX9CI9ECWWUO15B4S6BXL2H1","3P7L6K2EZ9XVGD5DVSKNTJFSSDFN4E","Counterspeech Identification","Counterspeech Identification","hate speech, counter speech, social media, identification","$0.01","Fri Feb 28 11:07:15 PST 2020","3","BatchId:3937885;OriginalHitTemplateId:928390909;","3600","259200","Fri Mar 06 11:07:15 PST 2020","","","37ZHEEHM6XJ4SPJXBHY0RL4QT4J735","A38EHOL0U2BTV0","Submitted","Fri Feb 28 16:23:47 PST 2020","Fri Feb 28 16:24:15 PST 2020","Mon Mar 02 16:24:15 PST 2020","","","","28","0% (0/0)","0% (0/0)","0% (0/0)","""The only national emergency is that our president is an idiot""  Ann Coulter","Antonio Acquarelli end running Congress is true overreach.  Take off your MAGAt hat and give your brain some oxygen.","https://mbasic.facebook.com/comment/replies/?ctoken=10162169751605725_281203416123615&count=38&curr&pc=1&ft_ent_identifier=10162169751605725&gfid=AQA5jALpc3lc5vVb&refid=52&__tn__=R","Not Counterspeech"
"301KG0KX9CI9ECWWUO15B4S6BXL2H1","3P7L6K2EZ9XVGD5DVSKNTJFSSDFN4E","Counterspeech Identification","Counterspeech Identification","hate speech, counter speech, social media, identification","$0.01","Fri Feb 28 11:07:15 PST 2020","3","BatchId:3937885;OriginalHitTemplateId:928390909;","3600","259200","Fri Mar 06 11:07:15 PST 2020","","","3DPNQGW4LMC66LOWSLYRVCW0CT7642","A1SK0GV4SSOH1A","Submitted","Fri Feb 28 18:20:34 PST 2020","Fri Feb 28 18:20:39 PST 2020","Mon Mar 02 18:20:39 PST 2020","","","","5","0% (0/0)","0% (0/0)","0% (0/0)","""The only national emergency is that our president is an idiot""  Ann Coulter","Antonio Acquarelli end running Congress is true overreach.  Take off your MAGAt hat and give your brain some oxygen.","https://mbasic.facebook.com/comment/replies/?ctoken=10162169751605725_281203416123615&count=38&curr&pc=1&ft_ent_identifier=10162169751605725&gfid=AQA5jALpc3lc5vVb&refid=52&__tn__=R","Positive tone"
"301KG0KX9CI9ECWWUO15B4S6BXLH2G","3P7L6K2EZ9XVGD5DVSKNTJFSSDFN4E","Counterspeech Identification","Counterspeech Identification","hate speech, counter speech, social media, identification","$0.01","Fri Feb 28 11:07:44 PST 2020","3","BatchId:3937885;OriginalHitTemplateId:928390909;","3600","259200","Fri Mar 06 11:07:44 PST 2020","","","308XBLVESJ1JD37PZOBCELT2I99RB0","A29DY0DQYYH3P5","Submitted","Fri Feb 28 19:49:22 PST 2020","Fri Feb 28 19:49:35 PST 2020","Mon Mar 02 19:49:35 PST 2020","","","","13","0% (0/0)","0% (0/0)","0% (0/0)","original post","Tragically they don't seem to care one bit.","https://mbasic.facebook.com/story.php?story_fbid=10162169751605725&id=153080620724&p=220&av=100006202006442&eav=Afabpb56vnvTFoAnKRKufLJD02roI8Rff7xIaSaLWwluZXbO7G6DTa9qgLfg43k_FlI&refid=52","Negative tone"
"301KG0KX9CI9ECWWUO15B4S6BXLH2G","3P7L6K2EZ9XVGD5DVSKNTJFSSDFN4E","Counterspeech Identification","Counterspeech Identification","hate speech, counter speech, social media, identification","$0.01","Fri Feb 28 11:07:44 PST 2020","3","BatchId:3937885;OriginalHitTemplateId:928390909;","3600","259200","Fri Mar 06 11:07:44 PST 2020","","","3F0BG9B9MQK58SGL02RQHF0326V7YU","A2MCNGY62MPRI5","Submitted","Fri Feb 28 19:19:58 PST 2020","Fri Feb 28 19:20:05 PST 2020","Mon Mar 02 19:20:05 PST 2020","","","","7","0% (0/0)","0% (0/0)","0% (0/0)","original post","Tragically they don't seem to care one bit.","https://mbasic.facebook.com/story.php?story_fbid=10162169751605725&id=153080620724&p=220&av=100006202006442&eav=Afabpb56vnvTFoAnKRKufLJD02roI8Rff7xIaSaLWwluZXbO7G6DTa9qgLfg43k_FlI&refid=52","Positive tone"
"301KG0KX9CI9ECWWUO15B4S6BXLH2G","3P7L6K2EZ9XVGD5DVSKNTJFSSDFN4E","Counterspeech Identification","Counterspeech Identification","hate speech, counter speech, social media, identification","$0.01","Fri Feb 28 11:07:44 PST 2020","3","BatchId:3937885;OriginalHitTemplateId:928390909;","3600","259200","Fri Mar 06 11:07:44 PST 2020","","","3UWN2HHPUZ2XFRWZH3GQVQYSL07NSA","A194DAP95EE1OY","Submitted","Fri Feb 28 19:57:05 PST 2020","Fri Feb 28 19:57:09 PST 2020","Mon Mar 02 19:57:09 PST 2020","","","","4","0% (0/0)","0% (0/0)","0% (0/0)","original post","Tragically they don't seem to care one bit.","https://mbasic.facebook.com/story.php?story_fbid=10162169751605725&id=153080620724&p=220&av=100006202006442&eav=Afabpb56vnvTFoAnKRKufLJD02roI8Rff7xIaSaLWwluZXbO7G6DTa9qgLfg43k_FlI&refid=52","Humor"
"301KG0KX9CI9ECWWUO15B4S6BXM2H2","3P7L6K2EZ9XVGD5DVSKNTJFSSDFN4E","Counterspeech Identification","Counterspeech Identification","hate speech, counter speech, social media, identification","$0.01","Fri Feb 28 11:07:55 PST 2020","3","BatchId:3937885;OriginalHitTemplateId:928390909;","3600","259200","Fri Mar 06 11:07:55 PST 2020","","","30IQTZXKAL32QCQRA7KFJMJ7SMXX0G","A27A3Z6J7745DI","Submitted","Fri Feb 28 19:51:25 PST 2020","Fri Feb 28 19:52:08 PST 2020","Mon Mar 02 19:52:08 PST 2020","","","","43","0% (0/0)","0% (0/0)","0% (0/0)","original post","I was working for an employer who had hired illegal immigrants and didn't notify the staff that had been working there. One of the younger a_ _ holes invited me out to his place for a beverage, the boss's son even said he'd be there so I thought nothing of it (we both were young and he wasn't bad looking) so I kindly accepted the offer (2nd mistake) 1st was even talking to him in the 1st place. We planned a time and he gave me the address, now keep in mind I was currently residing in a smaller town where at this younger age it didn't seem to be an issue to go to someone's place.  Upon arriving I had to go through a cattle gate, house was out in the country, upon arriving to the house, there were more guys out there than I had originally thought there would be. I then decided that MAYBE this just wasn't a good idea and I was trying to leave in my car, never had gotten outside of it. I found out that there were a couple of men outside and they had chain locked the gate closed and I NOT wanting to destruct property, demanded they open the gate. No one would open the gate, one other guy had made his way into my car and forced me over and drove me back to the house where there were 7 maybe 8 illegal immigrants and a 50+ yr old Male who MIGHT have been a U.S. resident. They dragged me into the home where they forced themselves on me, forced liquor down my throat and then proceeded to take me into a bedroom where I continued to fight them off of me, one by one they all took turns, they all were all over me and it then became a group thing, I fought and fought what seemed like hours, once everyone had their fun, I managed to crawl myself into the bathroom, near the bedroom I was in and in there the 50 yr old man put me into the shower, by know the liquor had kicked in and I was pretty much a lump on a log. So I was finished off in a shower with this horrible 50+ yr old and left alone once all were done having there fun. I yelled and screamed I kicked and clawed I threw punches I even tried to bite, by the time I came too I was naked in a cold shower and even though I was still pretty well lit, I was able to get just enough on to get myself out of the house and my keys and get in my car where I was able to then escape any future sexual assaults. I wasn't even sure if I was going to be held longer or released. I tried to file charges, but after that night all men were on the run including the older man himself. So nothing had ever come of it other than me getting counseling. BELIEVE WE HAVE TO BUILD THIS WALL TO PROTECT OUR CHILDREN AND OUR CHILDREN'S CHILDREN.  I would NEVER wish a gang bang on even my worst enemy. I have gone through counseling and I have over come my situation. I have a daughter now, and I fear that she NEVER EVER endures such a HORRIBLE HORROR.  This happened about 12 years ago, but it has only gotten worse  since then with the population of illegals.  Let's protect our future!","https://mbasic.facebook.com/comment/replies/?ctoken=10162169751605725_1276536289160754&count=2&curr&pc=1&ft_ent_identifier=10162169751605725&gfid=AQB8zszHh2inQWzm&refid=52&__tn__=R","Affiliation"
"301KG0KX9CI9ECWWUO15B4S6BXM2H2","3P7L6K2EZ9XVGD5DVSKNTJFSSDFN4E","Counterspeech Identification","Counterspeech Identification","hate speech, counter speech, social media, identification","$0.01","Fri Feb 28 11:07:55 PST 2020","3","BatchId:3937885;OriginalHitTemplateId:928390909;","3600","259200","Fri Mar 06 11:07:55 PST 2020","","","3HMVI3QICKPRX61JBMAHG59QZKW1YS","A1KFLCWGG1RE43","Submitted","Fri Feb 28 19:28:16 PST 2020","Fri Feb 28 19:28:30 PST 2020","Mon Mar 02 19:28:30 PST 2020","","","","14","0% (0/0)","0% (0/0)","0% (0/0)","original post","I was working for an employer who had hired illegal immigrants and didn't notify the staff that had been working there. One of the younger a_ _ holes invited me out to his place for a beverage, the boss's son even said he'd be there so I thought nothing of it (we both were young and he wasn't bad looking) so I kindly accepted the offer (2nd mistake) 1st was even talking to him in the 1st place. We planned a time and he gave me the address, now keep in mind I was currently residing in a smaller town where at this younger age it didn't seem to be an issue to go to someone's place.  Upon arriving I had to go through a cattle gate, house was out in the country, upon arriving to the house, there were more guys out there than I had originally thought there would be. I then decided that MAYBE this just wasn't a good idea and I was trying to leave in my car, never had gotten outside of it. I found out that there were a couple of men outside and they had chain locked the gate closed and I NOT wanting to destruct property, demanded they open the gate. No one would open the gate, one other guy had made his way into my car and forced me over and drove me back to the house where there were 7 maybe 8 illegal immigrants and a 50+ yr old Male who MIGHT have been a U.S. resident. They dragged me into the home where they forced themselves on me, forced liquor down my throat and then proceeded to take me into a bedroom where I continued to fight them off of me, one by one they all took turns, they all were all over me and it then became a group thing, I fought and fought what seemed like hours, once everyone had their fun, I managed to crawl myself into the bathroom, near the bedroom I was in and in there the 50 yr old man put me into the shower, by know the liquor had kicked in and I was pretty much a lump on a log. So I was finished off in a shower with this horrible 50+ yr old and left alone once all were done having there fun. I yelled and screamed I kicked and clawed I threw punches I even tried to bite, by the time I came too I was naked in a cold shower and even though I was still pretty well lit, I was able to get just enough on to get myself out of the house and my keys and get in my car where I was able to then escape any future sexual assaults. I wasn't even sure if I was going to be held longer or released. I tried to file charges, but after that night all men were on the run including the older man himself. So nothing had ever come of it other than me getting counseling. BELIEVE WE HAVE TO BUILD THIS WALL TO PROTECT OUR CHILDREN AND OUR CHILDREN'S CHILDREN.  I would NEVER wish a gang bang on even my worst enemy. I have gone through counseling and I have over come my situation. I have a daughter now, and I fear that she NEVER EVER endures such a HORRIBLE HORROR.  This happened about 12 years ago, but it has only gotten worse  since then with the population of illegals.  Let's protect our future!","https://mbasic.facebook.com/comment/replies/?ctoken=10162169751605725_1276536289160754&count=2&curr&pc=1&ft_ent_identifier=10162169751605725&gfid=AQB8zszHh2inQWzm&refid=52&__tn__=R","Counterspeech"
"301KG0KX9CI9ECWWUO15B4S6BXM2H2","3P7L6K2EZ9XVGD5DVSKNTJFSSDFN4E","Counterspeech Identification","Counterspeech Identification","hate speech, counter speech, social media, identification","$0.01","Fri Feb 28 11:07:55 PST 2020","3","BatchId:3937885;OriginalHitTemplateId:928390909;","3600","259200","Fri Mar 06 11:07:55 PST 2020","","","3TU5ZICBREY0Z4UIJX22ITTWEHSQ85","A32IS852XM3D17","Submitted","Fri Feb 28 20:49:23 PST 2020","Fri Feb 28 20:49:37 PST 2020","Mon Mar 02 20:49:37 PST 2020","","","","14","0% (0/0)","0% (0/0)","0% (0/0)","original post","I was working for an employer who had hired illegal immigrants and didn't notify the staff that had been working there. One of the younger a_ _ holes invited me out to his place for a beverage, the boss's son even said he'd be there so I thought nothing of it (we both were young and he wasn't bad looking) so I kindly accepted the offer (2nd mistake) 1st was even talking to him in the 1st place. We planned a time and he gave me the address, now keep in mind I was currently residing in a smaller town where at this younger age it didn't seem to be an issue to go to someone's place.  Upon arriving I had to go through a cattle gate, house was out in the country, upon arriving to the house, there were more guys out there than I had originally thought there would be. I then decided that MAYBE this just wasn't a good idea and I was trying to leave in my car, never had gotten outside of it. I found out that there were a couple of men outside and they had chain locked the gate closed and I NOT wanting to destruct property, demanded they open the gate. No one would open the gate, one other guy had made his way into my car and forced me over and drove me back to the house where there were 7 maybe 8 illegal immigrants and a 50+ yr old Male who MIGHT have been a U.S. resident. They dragged me into the home where they forced themselves on me, forced liquor down my throat and then proceeded to take me into a bedroom where I continued to fight them off of me, one by one they all took turns, they all were all over me and it then became a group thing, I fought and fought what seemed like hours, once everyone had their fun, I managed to crawl myself into the bathroom, near the bedroom I was in and in there the 50 yr old man put me into the shower, by know the liquor had kicked in and I was pretty much a lump on a log. So I was finished off in a shower with this horrible 50+ yr old and left alone once all were done having there fun. I yelled and screamed I kicked and clawed I threw punches I even tried to bite, by the time I came too I was naked in a cold shower and even though I was still pretty well lit, I was able to get just enough on to get myself out of the house and my keys and get in my car where I was able to then escape any future sexual assaults. I wasn't even sure if I was going to be held longer or released. I tried to file charges, but after that night all men were on the run including the older man himself. So nothing had ever come of it other than me getting counseling. BELIEVE WE HAVE TO BUILD THIS WALL TO PROTECT OUR CHILDREN AND OUR CHILDREN'S CHILDREN.  I would NEVER wish a gang bang on even my worst enemy. I have gone through counseling and I have over come my situation. I have a daughter now, and I fear that she NEVER EVER endures such a HORRIBLE HORROR.  This happened about 12 years ago, but it has only gotten worse  since then with the population of illegals.  Let's protect our future!","https://mbasic.facebook.com/comment/replies/?ctoken=10162169751605725_1276536289160754&count=2&curr&pc=1&ft_ent_identifier=10162169751605725&gfid=AQB8zszHh2inQWzm&refid=52&__tn__=R","Humor"
"301KG0KX9CI9ECWWUO15B4S6BXMH2H","3P7L6K2EZ9XVGD5DVSKNTJFSSDFN4E","Counterspeech Identification","Counterspeech Identification","hate speech, counter speech, social media, identification","$0.01","Fri Feb 28 11:08:28 PST 2020","3","BatchId:3937885;OriginalHitTemplateId:928390909;","3600","259200","Fri Mar 06 11:08:28 PST 2020","","","30OG32W0SV8W58RHG8WL69UDK96EN8","A1S3QZGMQCB8EV","Submitted","Fri Feb 28 21:35:34 PST 2020","Fri Feb 28 21:35:56 PST 2020","Mon Mar 02 21:35:56 PST 2020","","","","22","0% (0/0)","0% (0/0)","0% (0/0)","original post","Absolutely","https://mbasic.facebook.com/story.php?story_fbid=10162169751605725&id=153080620724&p=1600&av=100006202006442&eav=AfbZkuLl5xOP_uVPDu7b2hRCJKWpchAdWvCrgwu89mD0HehdW8OLim_-_nI2AoBhrrg&refid=52","Not Counterspeech"
"301KG0KX9CI9ECWWUO15B4S6BXMH2H","3P7L6K2EZ9XVGD5DVSKNTJFSSDFN4E","Counterspeech Identification","Counterspeech Identification","hate speech, counter speech, social media, identification","$0.01","Fri Feb 28 11:08:28 PST 2020","3","BatchId:3937885;OriginalHitTemplateId:928390909;","3600","259200","Fri Mar 06 11:08:28 PST 2020","","","39OWYR0EPLOINLVRILP257DK0UPYF0","A1SK0GV4SSOH1A","Submitted","Fri Feb 28 21:44:34 PST 2020","Fri Feb 28 21:44:47 PST 2020","Mon Mar 02 21:44:47 PST 2020","","","","13","0% (0/0)","0% (0/0)","0% (0/0)","original post","Absolutely","https://mbasic.facebook.com/story.php?story_fbid=10162169751605725&id=153080620724&p=1600&av=100006202006442&eav=AfbZkuLl5xOP_uVPDu7b2hRCJKWpchAdWvCrgwu89mD0HehdW8OLim_-_nI2AoBhrrg&refid=52","Negative tone"
"301KG0KX9CI9ECWWUO15B4S6BXMH2H","3P7L6K2EZ9XVGD5DVSKNTJFSSDFN4E","Counterspeech Identification","Counterspeech Identification","hate speech, counter speech, social media, identification","$0.01","Fri Feb 28 11:08:28 PST 2020","3","BatchId:3937885;OriginalHitTemplateId:928390909;","3600","259200","Fri Mar 06 11:08:28 PST 2020","","","3SNLUL3WO5KN64LIUVVBXZCR12WLUQ","A1KFLCWGG1RE43","Submitted","Fri Feb 28 20:39:26 PST 2020","Fri Feb 28 20:39:39 PST 2020","Mon Mar 02 20:39:39 PST 2020","","","","13","0% (0/0)","0% (0/0)","0% (0/0)","original post","Absolutely","https://mbasic.facebook.com/story.php?story_fbid=10162169751605725&id=153080620724&p=1600&av=100006202006442&eav=AfbZkuLl5xOP_uVPDu7b2hRCJKWpchAdWvCrgwu89mD0HehdW8OLim_-_nI2AoBhrrg&refid=52","Counterspeech"
"301KG0KX9CI9ECWWUO15B4S6BXN2H3","3P7L6K2EZ9XVGD5DVSKNTJFSSDFN4E","Counterspeech Identification","Counterspeech Identification","hate speech, counter speech, social media, identification","$0.01","Fri Feb 28 11:08:48 PST 2020","3","BatchId:3937885;OriginalHitTemplateId:928390909;","3600","259200","Fri Mar 06 11:08:48 PST 2020","","","3IQ1VMJRYUH8QT6BZTBUSP92U5QA99","A1KFLCWGG1RE43","Submitted","Fri Feb 28 21:16:05 PST 2020","Fri Feb 28 21:16:23 PST 2020","Mon Mar 02 21:16:23 PST 2020","","","","18","0% (0/0)","0% (0/0)","0% (0/0)","original post","my president!","https://mbasic.facebook.com/story.php?story_fbid=10162169751605725&id=153080620724&p=1710&av=100006202006442&eav=AfbP2j1f68qVlJAWg-jwz7ewXwGvVLKa37_8aNXXOQKpkySn-owD4acs3RGn4TexcQE&refid=52","Counterspeech"
"301KG0KX9CI9ECWWUO15B4S6BXN2H3","3P7L6K2EZ9XVGD5DVSKNTJFSSDFN4E","Counterspeech Identification","Counterspeech Identification","hate speech, counter speech, social media, identification","$0.01","Fri Feb 28 11:08:48 PST 2020","3","BatchId:3937885;OriginalHitTemplateId:928390909;","3600","259200","Fri Mar 06 11:08:48 PST 2020","","","3LRKMWOKB6EYRHTKQCCEZVSXXKZ2ZM","A3MGQJM5IXD0J7","Submitted","Fri Feb 28 23:24:31 PST 2020","Fri Feb 28 23:25:16 PST 2020","Mon Mar 02 23:25:16 PST 2020","","","","45","0% (0/0)","0% (0/0)","0% (0/0)","original post","my president!","https://mbasic.facebook.com/story.php?story_fbid=10162169751605725&id=153080620724&p=1710&av=100006202006442&eav=AfbP2j1f68qVlJAWg-jwz7ewXwGvVLKa37_8aNXXOQKpkySn-owD4acs3RGn4TexcQE&refid=52","Not Counterspeech"
"301KG0KX9CI9ECWWUO15B4S6BXN2H3","3P7L6K2EZ9XVGD5DVSKNTJFSSDFN4E","Counterspeech Identification","Counterspeech Identification","hate speech, counter speech, social media, identification","$0.01","Fri Feb 28 11:08:48 PST 2020","3","BatchId:3937885;OriginalHitTemplateId:928390909;","3600","259200","Fri Mar 06 11:08:48 PST 2020","","","3VHHR074H4EL8T9MHN20N7Y7TRDL72","A1XGXRST7PAL6I","Submitted","Fri Feb 28 23:46:41 PST 2020","Fri Feb 28 23:46:50 PST 2020","Mon Mar 02 23:46:50 PST 2020","","","","9","0% (0/0)","0% (0/0)","0% (0/0)","original post","my president!","https://mbasic.facebook.com/story.php?story_fbid=10162169751605725&id=153080620724&p=1710&av=100006202006442&eav=AfbP2j1f68qVlJAWg-jwz7ewXwGvVLKa37_8aNXXOQKpkySn-owD4acs3RGn4TexcQE&refid=52","Affiliation"
"301KG0KX9CI9ECWWUO15B4S6BXNH2I","3P7L6K2EZ9XVGD5DVSKNTJFSSDFN4E","Counterspeech Identification","Counterspeech Identification","hate speech, counter speech, social media, identification","$0.01","Fri Feb 28 11:09:11 PST 2020","3","BatchId:3937885;OriginalHitTemplateId:928390909;","3600","259200","Fri Mar 06 11:09:11 PST 2020","","","32ZKVD547GKRU1MNOYAGWNQMCVJB36","A2SDK993QYEAWJ","Submitted","Sat Feb 29 01:32:14 PST 2020","Sat Feb 29 01:32:23 PST 2020","Tue Mar 03 01:32:23 PST 2020","","","","9","0% (0/0)","0% (0/0)","0% (0/0)","Dummycrats only think the rich deserve walls sad sheep","Dam Melissa Lamphere, they get butthurt soooooo quick. How dare you talk about the GREAT ALMIGHTY DICTATOR!!!!!","https://mbasic.facebook.com/comment/replies/?ctoken=10162169751605725_535924406898131&count=4&curr&pc=1&ft_ent_identifier=10162169751605725&gfid=AQCKXGRBgbuT15GV&refid=52&__tn__=R","Not Counterspeech"
"301KG0KX9CI9ECWWUO15B4S6BXNH2I","3P7L6K2EZ9XVGD5DVSKNTJFSSDFN4E","Counterspeech Identification","Counterspeech Identification","hate speech, counter speech, social media, identification","$0.01","Fri Feb 28 11:09:11 PST 2020","3","BatchId:3937885;OriginalHitTemplateId:928390909;","3600","259200","Fri Mar 06 11:09:11 PST 2020","","","386PBUZZXGUESOAOIWRXQX3GKM6JL0","A1KFLCWGG1RE43","Submitted","Fri Feb 28 22:16:32 PST 2020","Fri Feb 28 22:16:43 PST 2020","Mon Mar 02 22:16:43 PST 2020","","","","11","0% (0/0)","0% (0/0)","0% (0/0)","Dummycrats only think the rich deserve walls sad sheep","Dam Melissa Lamphere, they get butthurt soooooo quick. How dare you talk about the GREAT ALMIGHTY DICTATOR!!!!!","https://mbasic.facebook.com/comment/replies/?ctoken=10162169751605725_535924406898131&count=4&curr&pc=1&ft_ent_identifier=10162169751605725&gfid=AQCKXGRBgbuT15GV&refid=52&__tn__=R","Affiliation"
"301KG0KX9CI9ECWWUO15B4S6BXNH2I","3P7L6K2EZ9XVGD5DVSKNTJFSSDFN4E","Counterspeech Identification","Counterspeech Identification","hate speech, counter speech, social media, identification","$0.01","Fri Feb 28 11:09:11 PST 2020","3","BatchId:3937885;OriginalHitTemplateId:928390909;","3600","259200","Fri Mar 06 11:09:11 PST 2020","","","3X0H8UUIT2LN2L5D947DR9BJEC2WS1","A1G1ZO90MGYV4I","Submitted","Sat Feb 29 02:06:49 PST 2020","Sat Feb 29 02:07:26 PST 2020","Tue Mar 03 02:07:26 PST 2020","","","","37","0% (0/0)","0% (0/0)","0% (0/0)","Dummycrats only think the rich deserve walls sad sheep","Dam Melissa Lamphere, they get butthurt soooooo quick. How dare you talk about the GREAT ALMIGHTY DICTATOR!!!!!","https://mbasic.facebook.com/comment/replies/?ctoken=10162169751605725_535924406898131&count=4&curr&pc=1&ft_ent_identifier=10162169751605725&gfid=AQCKXGRBgbuT15GV&refid=52&__tn__=R","Humor"
"301KG0KX9CI9ECWWUO15B4S6BXO2H4","3P7L6K2EZ9XVGD5DVSKNTJFSSDFN4E","Counterspeech Identification","Counterspeech Identification","hate speech, counter speech, social media, identification","$0.01","Fri Feb 28 11:09:35 PST 2020","3","BatchId:3937885;OriginalHitTemplateId:928390909;","3600","259200","Fri Mar 06 11:09:35 PST 2020","","","373ERPL3YP5J9P16ZA2XEFZOOGPRT6","A1KFLCWGG1RE43","Submitted","Fri Feb 28 22:32:44 PST 2020","Fri Feb 28 22:32:52 PST 2020","Mon Mar 02 22:32:52 PST 2020","","","","8","0% (0/0)","0% (0/0)","0% (0/0)","Exploiting a person's death for political gain- is there anything lower? What an incredible scumbag Trump is.","Steve Martin Your an idiot and probably want socialism  ....","https://mbasic.facebook.com/comment/replies/?ctoken=10162169751605725_109900049997731&count=1&curr&pc=1&ft_ent_identifier=10162169751605725&gfid=AQCH0_13WLpnvh-K&refid=52&__tn__=R","Counterspeech"
"301KG0KX9CI9ECWWUO15B4S6BXO2H4","3P7L6K2EZ9XVGD5DVSKNTJFSSDFN4E","Counterspeech Identification","Counterspeech Identification","hate speech, counter speech, social media, identification","$0.01","Fri Feb 28 11:09:35 PST 2020","3","BatchId:3937885;OriginalHitTemplateId:928390909;","3600","259200","Fri Mar 06 11:09:35 PST 2020","","","3OUYGIZWR8VXH3O0OGAYP9X4QOIP0G","A1BMJX36PG4EMH","Submitted","Sat Feb 29 02:32:50 PST 2020","Sat Feb 29 02:32:54 PST 2020","Tue Mar 03 02:32:54 PST 2020","","","","4","0% (0/0)","0% (0/0)","0% (0/0)","Exploiting a person's death for political gain- is there anything lower? What an incredible scumbag Trump is.","Steve Martin Your an idiot and probably want socialism  ....","https://mbasic.facebook.com/comment/replies/?ctoken=10162169751605725_109900049997731&count=1&curr&pc=1&ft_ent_identifier=10162169751605725&gfid=AQCH0_13WLpnvh-K&refid=52&__tn__=R","Negative tone"
"301KG0KX9CI9ECWWUO15B4S6BXO2H4","3P7L6K2EZ9XVGD5DVSKNTJFSSDFN4E","Counterspeech Identification","Counterspeech Identification","hate speech, counter speech, social media, identification","$0.01","Fri Feb 28 11:09:35 PST 2020","3","BatchId:3937885;OriginalHitTemplateId:928390909;","3600","259200","Fri Mar 06 11:09:35 PST 2020","","","3RUIQRXJBCLKNEYOLH3A6CG8OCSLLN","A38EHOL0U2BTV0","Submitted","Sat Feb 29 02:29:19 PST 2020","Sat Feb 29 02:29:55 PST 2020","Tue Mar 03 02:29:55 PST 2020","","","","36","0% (0/0)","0% (0/0)","0% (0/0)","Exploiting a person's death for political gain- is there anything lower? What an incredible scumbag Trump is.","Steve Martin Your an idiot and probably want socialism  ....","https://mbasic.facebook.com/comment/replies/?ctoken=10162169751605725_109900049997731&count=1&curr&pc=1&ft_ent_identifier=10162169751605725&gfid=AQCH0_13WLpnvh-K&refid=52&__tn__=R","Counterspeech"
"301KG0KX9CI9ECWWUO15B4S6BXOH2J","3P7L6K2EZ9XVGD5DVSKNTJFSSDFN4E","Counterspeech Identification","Counterspeech Identification","hate speech, counter speech, social media, identification","$0.01","Fri Feb 28 11:10:10 PST 2020","3","BatchId:3937885;OriginalHitTemplateId:928390909;","3600","259200","Fri Mar 06 11:10:10 PST 2020","","","31T4R4OBOTDS5PFG4A91KO8KZJFC7V","A2SDK993QYEAWJ","Submitted","Sat Feb 29 03:28:53 PST 2020","Sat Feb 29 03:29:00 PST 2020","Tue Mar 03 03:29:00 PST 2020","","","","7","0% (0/0)","0% (0/0)","0% (0/0)","Kanthar Balanathan check the history books. The great wall of China did not work.","We The People witnessed this week the One'n'Only Mr. Fake News manufacture a Fake Crisis that he tries to sell to us with nothing but Lies and Fake News Alternative Facts!!!","https://mbasic.facebook.com/comment/replies/?ctoken=10162169751605725_215435265987324&p=55&count=86&pc=3&pgdir=1&ft_ent_identifier=10162169751605725&gfid=AQCo-LU_8xCMmVyk","Counterspeech"
"301KG0KX9CI9ECWWUO15B4S6BXOH2J","3P7L6K2EZ9XVGD5DVSKNTJFSSDFN4E","Counterspeech Identification","Counterspeech Identification","hate speech, counter speech, social media, identification","$0.01","Fri Feb 28 11:10:10 PST 2020","3","BatchId:3937885;OriginalHitTemplateId:928390909;","3600","259200","Fri Mar 06 11:10:10 PST 2020","","","3AQF3RZ559FG41LLC2UAMGTR1LJ6FX","A38EHOL0U2BTV0","Submitted","Sat Feb 29 02:52:57 PST 2020","Sat Feb 29 02:53:25 PST 2020","Tue Mar 03 02:53:25 PST 2020","","","","28","0% (0/0)","0% (0/0)","0% (0/0)","Kanthar Balanathan check the history books. The great wall of China did not work.","We The People witnessed this week the One'n'Only Mr. Fake News manufacture a Fake Crisis that he tries to sell to us with nothing but Lies and Fake News Alternative Facts!!!","https://mbasic.facebook.com/comment/replies/?ctoken=10162169751605725_215435265987324&p=55&count=86&pc=3&pgdir=1&ft_ent_identifier=10162169751605725&gfid=AQCo-LU_8xCMmVyk","Counterspeech"
"301KG0KX9CI9ECWWUO15B4S6BXOH2J","3P7L6K2EZ9XVGD5DVSKNTJFSSDFN4E","Counterspeech Identification","Counterspeech Identification","hate speech, counter speech, social media, identification","$0.01","Fri Feb 28 11:10:10 PST 2020","3","BatchId:3937885;OriginalHitTemplateId:928390909;","3600","259200","Fri Mar 06 11:10:10 PST 2020","","","3HFNH7HEMIBFSJ002VEQA6AU21AQGS","A194DAP95EE1OY","Submitted","Sat Feb 29 05:11:24 PST 2020","Sat Feb 29 05:11:28 PST 2020","Tue Mar 03 05:11:28 PST 2020","","","","4","0% (0/0)","0% (0/0)","0% (0/0)","Kanthar Balanathan check the history books. The great wall of China did not work.","We The People witnessed this week the One'n'Only Mr. Fake News manufacture a Fake Crisis that he tries to sell to us with nothing but Lies and Fake News Alternative Facts!!!","https://mbasic.facebook.com/comment/replies/?ctoken=10162169751605725_215435265987324&p=55&count=86&pc=3&pgdir=1&ft_ent_identifier=10162169751605725&gfid=AQCo-LU_8xCMmVyk","Humor"
"301KG0KX9CI9ECWWUO15B4S6BXP2H5","3P7L6K2EZ9XVGD5DVSKNTJFSSDFN4E","Counterspeech Identification","Counterspeech Identification","hate speech, counter speech, social media, identification","$0.01","Fri Feb 28 11:10:21 PST 2020","3","BatchId:3937885;OriginalHitTemplateId:928390909;","3600","259200","Fri Mar 06 11:10:21 PST 2020","","","33PPO7FECWCZZ12QNX89VJGBYZYIDS","A38EHOL0U2BTV0","Submitted","Sat Feb 29 02:52:09 PST 2020","Sat Feb 29 02:52:37 PST 2020","Tue Mar 03 02:52:37 PST 2020","","","","28","0% (0/0)","0% (0/0)","0% (0/0)","Illegal crossing on the southern border has been on the decline in the past 10 years, and a majority of illegal immigration is people over staying their visas. But yup believe the emotional driven propaganda all you want.","It will do nothing for drugs, those come through ports of entry not across a random stretch of the boarder. But again believe the propaganda you are being fed.","https://mbasic.facebook.com/comment/replies/?ctoken=10162169751605725_535910246899547&p=50&count=67&pc=2&pgdir=1&ft_ent_identifier=10162169751605725&gfid=AQBhqo-lPmkAwVtl","Counterspeech"
"301KG0KX9CI9ECWWUO15B4S6BXP2H5","3P7L6K2EZ9XVGD5DVSKNTJFSSDFN4E","Counterspeech Identification","Counterspeech Identification","hate speech, counter speech, social media, identification","$0.01","Fri Feb 28 11:10:21 PST 2020","3","BatchId:3937885;OriginalHitTemplateId:928390909;","3600","259200","Fri Mar 06 11:10:21 PST 2020","","","3KV0LJBBH3IFWUBMQD1LS14WU9QMRZ","AUFMG49X8NO0N","Submitted","Sat Feb 29 05:23:15 PST 2020","Sat Feb 29 05:23:29 PST 2020","Tue Mar 03 05:23:29 PST 2020","","","","14","0% (0/0)","0% (0/0)","0% (0/0)","Illegal crossing on the southern border has been on the decline in the past 10 years, and a majority of illegal immigration is people over staying their visas. But yup believe the emotional driven propaganda all you want.","It will do nothing for drugs, those come through ports of entry not across a random stretch of the boarder. But again believe the propaganda you are being fed.","https://mbasic.facebook.com/comment/replies/?ctoken=10162169751605725_535910246899547&p=50&count=67&pc=2&pgdir=1&ft_ent_identifier=10162169751605725&gfid=AQBhqo-lPmkAwVtl","Counterspeech"
"301KG0KX9CI9ECWWUO15B4S6BXP2H5","3P7L6K2EZ9XVGD5DVSKNTJFSSDFN4E","Counterspeech Identification","Counterspeech Identification","hate speech, counter speech, social media, identification","$0.01","Fri Feb 28 11:10:21 PST 2020","3","BatchId:3937885;OriginalHitTemplateId:928390909;","3600","259200","Fri Mar 06 11:10:21 PST 2020","","","3S4AW7T80CFOP6R3FP4TKVEX2QFL4C","A1BMJX36PG4EMH","Submitted","Sat Feb 29 05:19:25 PST 2020","Sat Feb 29 05:19:29 PST 2020","Tue Mar 03 05:19:29 PST 2020","","","","4","0% (0/0)","0% (0/0)","0% (0/0)","Illegal crossing on the southern border has been on the decline in the past 10 years, and a majority of illegal immigration is people over staying their visas. But yup believe the emotional driven propaganda all you want.","It will do nothing for drugs, those come through ports of entry not across a random stretch of the boarder. But again believe the propaganda you are being fed.","https://mbasic.facebook.com/comment/replies/?ctoken=10162169751605725_535910246899547&p=50&count=67&pc=2&pgdir=1&ft_ent_identifier=10162169751605725&gfid=AQBhqo-lPmkAwVtl","Counterspeech"
"301KG0KX9CI9ECWWUO15B4S6BXPH2K","3P7L6K2EZ9XVGD5DVSKNTJFSSDFN4E","Counterspeech Identification","Counterspeech Identification","hate speech, counter speech, social media, identification","$0.01","Fri Feb 28 11:11:05 PST 2020","3","BatchId:3937885;OriginalHitTemplateId:928390909;","3600","259200","Fri Mar 06 11:11:05 PST 2020","","","3L0KT67Y8FDRRQ0DO5P1C6WZPLSYSU","A194DAP95EE1OY","Submitted","Sat Feb 29 06:21:27 PST 2020","Sat Feb 29 06:21:32 PST 2020","Tue Mar 03 06:21:32 PST 2020","","","","5","0% (0/0)","0% (0/0)","0% (0/0)","original post","If you believed in protecting people, youd be pursuing fact-based security measures and not a silly medieval wall in a time when Ladder technology is plentiful and cheap. https://www.homedepot.com/p/Werner-32-ft-Fiberglass-Extension-Ladder-with-300-lb-Load-Capacity-Type-IA-Duty-Rating-D6232-2/100664518Werner 32 ft. Fiberglass Extension Ladder with 300 lb. Load Capacity Type IA Duty Rating-D6232-2 - The Home Depothomedepot.com","https://mbasic.facebook.com/comment/replies/?ctoken=10162169751605725_296666770926168&count=1&curr&pc=1&ft_ent_identifier=10162169751605725&gfid=AQB07yrSe3wCx2NX&refid=52&__tn__=R","Not Counterspeech"
"301KG0KX9CI9ECWWUO15B4S6BXPH2K","3P7L6K2EZ9XVGD5DVSKNTJFSSDFN4E","Counterspeech Identification","Counterspeech Identification","hate speech, counter speech, social media, identification","$0.01","Fri Feb 28 11:11:05 PST 2020","3","BatchId:3937885;OriginalHitTemplateId:928390909;","3600","259200","Fri Mar 06 11:11:05 PST 2020","","","3QJOXOW4XKOQNQ6H47HLTU5DFKMME8","A38EHOL0U2BTV0","Submitted","Sat Feb 29 03:24:14 PST 2020","Sat Feb 29 03:24:42 PST 2020","Tue Mar 03 03:24:42 PST 2020","","","","28","0% (0/0)","0% (0/0)","0% (0/0)","original post","If you believed in protecting people, youd be pursuing fact-based security measures and not a silly medieval wall in a time when Ladder technology is plentiful and cheap. https://www.homedepot.com/p/Werner-32-ft-Fiberglass-Extension-Ladder-with-300-lb-Load-Capacity-Type-IA-Duty-Rating-D6232-2/100664518Werner 32 ft. Fiberglass Extension Ladder with 300 lb. Load Capacity Type IA Duty Rating-D6232-2 - The Home Depothomedepot.com","https://mbasic.facebook.com/comment/replies/?ctoken=10162169751605725_296666770926168&count=1&curr&pc=1&ft_ent_identifier=10162169751605725&gfid=AQB07yrSe3wCx2NX&refid=52&__tn__=R","Counterspeech"
"301KG0KX9CI9ECWWUO15B4S6BXPH2K","3P7L6K2EZ9XVGD5DVSKNTJFSSDFN4E","Counterspeech Identification","Counterspeech Identification","hate speech, counter speech, social media, identification","$0.01","Fri Feb 28 11:11:05 PST 2020","3","BatchId:3937885;OriginalHitTemplateId:928390909;","3600","259200","Fri Mar 06 11:11:05 PST 2020","","","3WQQ9FUS6BRDVYST0F5CN4YXSJFB86","A2URU66KBAFT0L","Submitted","Sat Feb 29 08:19:08 PST 2020","Sat Feb 29 08:19:11 PST 2020","Tue Mar 03 08:19:11 PST 2020","","","","3","0% (0/0)","0% (0/0)","0% (0/0)","original post","If you believed in protecting people, youd be pursuing fact-based security measures and not a silly medieval wall in a time when Ladder technology is plentiful and cheap. https://www.homedepot.com/p/Werner-32-ft-Fiberglass-Extension-Ladder-with-300-lb-Load-Capacity-Type-IA-Duty-Rating-D6232-2/100664518Werner 32 ft. Fiberglass Extension Ladder with 300 lb. Load Capacity Type IA Duty Rating-D6232-2 - The Home Depothomedepot.com","https://mbasic.facebook.com/comment/replies/?ctoken=10162169751605725_296666770926168&count=1&curr&pc=1&ft_ent_identifier=10162169751605725&gfid=AQB07yrSe3wCx2NX&refid=52&__tn__=R","Negative tone"
"301KG0KX9CI9ECWWUO15B4S6BXQ2H6","3P7L6K2EZ9XVGD5DVSKNTJFSSDFN4E","Counterspeech Identification","Counterspeech Identification","hate speech, counter speech, social media, identification","$0.01","Fri Feb 28 11:11:25 PST 2020","3","BatchId:3937885;OriginalHitTemplateId:928390909;","3600","259200","Fri Mar 06 11:11:25 PST 2020","","","37M28K1J0RAXW5JKL527HJN5QBUAJY","A38EHOL0U2BTV0","Submitted","Sat Feb 29 03:26:50 PST 2020","Sat Feb 29 03:27:18 PST 2020","Tue Mar 03 03:27:18 PST 2020","","","","28","0% (0/0)","0% (0/0)","0% (0/0)","original post","To clarify. My ""like"" is for preventing more of this.","https://mbasic.facebook.com/story.php?story_fbid=10162169751605725&id=153080620724&p=930&av=100006202006442&eav=Afb8W2E7lUcz7fz0AsgcJL6RXCv6Nd2DzJYzfDhQJ8XgrdG3KVsCfLcxZLpGkMewZpM&refid=52","Counterspeech"
"301KG0KX9CI9ECWWUO15B4S6BXQ2H6","3P7L6K2EZ9XVGD5DVSKNTJFSSDFN4E","Counterspeech Identification","Counterspeech Identification","hate speech, counter speech, social media, identification","$0.01","Fri Feb 28 11:11:25 PST 2020","3","BatchId:3937885;OriginalHitTemplateId:928390909;","3600","259200","Fri Mar 06 11:11:25 PST 2020","","","37UEWGM5HU5I05PXXRIN89GTWY81RJ","A194DAP95EE1OY","Submitted","Sat Feb 29 07:33:07 PST 2020","Sat Feb 29 07:33:14 PST 2020","Tue Mar 03 07:33:14 PST 2020","","","","7","0% (0/0)","0% (0/0)","0% (0/0)","original post","To clarify. My ""like"" is for preventing more of this.","https://mbasic.facebook.com/story.php?story_fbid=10162169751605725&id=153080620724&p=930&av=100006202006442&eav=Afb8W2E7lUcz7fz0AsgcJL6RXCv6Nd2DzJYzfDhQJ8XgrdG3KVsCfLcxZLpGkMewZpM&refid=52","Facts/Logic"
"301KG0KX9CI9ECWWUO15B4S6BXQ2H6","3P7L6K2EZ9XVGD5DVSKNTJFSSDFN4E","Counterspeech Identification","Counterspeech Identification","hate speech, counter speech, social media, identification","$0.01","Fri Feb 28 11:11:25 PST 2020","3","BatchId:3937885;OriginalHitTemplateId:928390909;","3600","259200","Fri Mar 06 11:11:25 PST 2020","","","3X65QVEQI1KRKA4I84AB3TQLU4FCL1","A2URU66KBAFT0L","Submitted","Sat Feb 29 08:34:36 PST 2020","Sat Feb 29 08:34:40 PST 2020","Tue Mar 03 08:34:40 PST 2020","","","","4","0% (0/0)","0% (0/0)","0% (0/0)","original post","To clarify. My ""like"" is for preventing more of this.","https://mbasic.facebook.com/story.php?story_fbid=10162169751605725&id=153080620724&p=930&av=100006202006442&eav=Afb8W2E7lUcz7fz0AsgcJL6RXCv6Nd2DzJYzfDhQJ8XgrdG3KVsCfLcxZLpGkMewZpM&refid=52","Affiliation"
"301KG0KX9CI9ECWWUO15B4S6BXQH2L","3P7L6K2EZ9XVGD5DVSKNTJFSSDFN4E","Counterspeech Identification","Counterspeech Identification","hate speech, counter speech, social media, identification","$0.01","Fri Feb 28 11:11:43 PST 2020","3","BatchId:3937885;OriginalHitTemplateId:928390909;","3600","259200","Fri Mar 06 11:11:43 PST 2020","","","3B837J3LDPTIUPORAAX74A32MYMSRV","A194DAP95EE1OY","Submitted","Sat Feb 29 07:50:40 PST 2020","Sat Feb 29 07:50:51 PST 2020","Tue Mar 03 07:50:51 PST 2020","","","","11","0% (0/0)","0% (0/0)","0% (0/0)","original post","Families in Illinois werent protected yesterday!!! Apparently THEY  werent your priority...","https://mbasic.facebook.com/story.php?story_fbid=10162169751605725&id=153080620724&p=1240&av=100006202006442&eav=AfYhOqepUdy3TTd--AUo0VoEH7IH8KaDQPL5GONCYHSaFl9WS-ZX13BrtKSvd_ED_uI&refid=52","Facts/Logic"
"301KG0KX9CI9ECWWUO15B4S6BXQH2L","3P7L6K2EZ9XVGD5DVSKNTJFSSDFN4E","Counterspeech Identification","Counterspeech Identification","hate speech, counter speech, social media, identification","$0.01","Fri Feb 28 11:11:43 PST 2020","3","BatchId:3937885;OriginalHitTemplateId:928390909;","3600","259200","Fri Mar 06 11:11:43 PST 2020","","","3EA3QWIZ4JS6GQYN9N8O0NYX1LRITG","A38EHOL0U2BTV0","Submitted","Sat Feb 29 03:32:32 PST 2020","Sat Feb 29 03:33:00 PST 2020","Tue Mar 03 03:33:00 PST 2020","","","","28","0% (0/0)","0% (0/0)","0% (0/0)","original post","Families in Illinois werent protected yesterday!!! Apparently THEY  werent your priority...","https://mbasic.facebook.com/story.php?story_fbid=10162169751605725&id=153080620724&p=1240&av=100006202006442&eav=AfYhOqepUdy3TTd--AUo0VoEH7IH8KaDQPL5GONCYHSaFl9WS-ZX13BrtKSvd_ED_uI&refid=52","Counterspeech"
"301KG0KX9CI9ECWWUO15B4S6BXQH2L","3P7L6K2EZ9XVGD5DVSKNTJFSSDFN4E","Counterspeech Identification","Counterspeech Identification","hate speech, counter speech, social media, identification","$0.01","Fri Feb 28 11:11:43 PST 2020","3","BatchId:3937885;OriginalHitTemplateId:928390909;","3600","259200","Fri Mar 06 11:11:43 PST 2020","","","3X0H8UUIT2LN2L5D947DR9BJEE7SW6","A1L2B0TD5EO9VJ","Submitted","Sat Feb 29 08:59:46 PST 2020","Sat Feb 29 08:59:57 PST 2020","Tue Mar 03 08:59:57 PST 2020","","","","11","0% (0/0)","0% (0/0)","0% (0/0)","original post","Families in Illinois werent protected yesterday!!! Apparently THEY  werent your priority...","https://mbasic.facebook.com/story.php?story_fbid=10162169751605725&id=153080620724&p=1240&av=100006202006442&eav=AfYhOqepUdy3TTd--AUo0VoEH7IH8KaDQPL5GONCYHSaFl9WS-ZX13BrtKSvd_ED_uI&refid=52","Warning"
"301KG0KX9CI9ECWWUO15B4S6BXR2H7","3P7L6K2EZ9XVGD5DVSKNTJFSSDFN4E","Counterspeech Identification","Counterspeech Identification","hate speech, counter speech, social media, identification","$0.01","Fri Feb 28 11:12:14 PST 2020","3","BatchId:3937885;OriginalHitTemplateId:928390909;","3600","259200","Fri Mar 06 11:12:14 PST 2020","","","3FFJ6VRIL2L50H1WBLKEGCWS4BU0IO","A2SDK993QYEAWJ","Submitted","Sat Feb 29 09:12:49 PST 2020","Sat Feb 29 09:12:53 PST 2020","Tue Mar 03 09:12:53 PST 2020","","","","4","0% (0/0)","0% (0/0)","0% (0/0)","original post","Yeah a wall doesn't fix tunnels or airplanes must I keep going ?","https://mbasic.facebook.com/comment/replies/?ctoken=10162169751605725_281204762790147&count=2&curr&pc=1&ft_ent_identifier=10162169751605725&gfid=AQBJYnKvQ-VZ6irt&refid=52&__tn__=R","Not Counterspeech"
"301KG0KX9CI9ECWWUO15B4S6BXR2H7","3P7L6K2EZ9XVGD5DVSKNTJFSSDFN4E","Counterspeech Identification","Counterspeech Identification","hate speech, counter speech, social media, identification","$0.01","Fri Feb 28 11:12:14 PST 2020","3","BatchId:3937885;OriginalHitTemplateId:928390909;","3600","259200","Fri Mar 06 11:12:14 PST 2020","","","3JV9LGBJWUBC77NKNIMML1FUN1EGOY","A194DAP95EE1OY","Submitted","Sat Feb 29 08:54:02 PST 2020","Sat Feb 29 08:54:09 PST 2020","Tue Mar 03 08:54:09 PST 2020","","","","7","0% (0/0)","0% (0/0)","0% (0/0)","original post","Yeah a wall doesn't fix tunnels or airplanes must I keep going ?","https://mbasic.facebook.com/comment/replies/?ctoken=10162169751605725_281204762790147&count=2&curr&pc=1&ft_ent_identifier=10162169751605725&gfid=AQBJYnKvQ-VZ6irt&refid=52&__tn__=R","Facts/Logic"
"301KG0KX9CI9ECWWUO15B4S6BXR2H7","3P7L6K2EZ9XVGD5DVSKNTJFSSDFN4E","Counterspeech Identification","Counterspeech Identification","hate speech, counter speech, social media, identification","$0.01","Fri Feb 28 11:12:14 PST 2020","3","BatchId:3937885;OriginalHitTemplateId:928390909;","3600","259200","Fri Mar 06 11:12:14 PST 2020","","","3KAKFY4PGVZ1H90TU82XIAUZ7NDI30","A1SK0GV4SSOH1A","Submitted","Sat Feb 29 09:10:34 PST 2020","Sat Feb 29 09:10:40 PST 2020","Tue Mar 03 09:10:40 PST 2020","","","","6","0% (0/0)","0% (0/0)","0% (0/0)","original post","Yeah a wall doesn't fix tunnels or airplanes must I keep going ?","https://mbasic.facebook.com/comment/replies/?ctoken=10162169751605725_281204762790147&count=2&curr&pc=1&ft_ent_identifier=10162169751605725&gfid=AQBJYnKvQ-VZ6irt&refid=52&__tn__=R","Positive tone"
"302OLP89DZ4727GKLBGJ6VEOAT1AC0","3P7L6K2EZ9XVGD5DVSKNTJFSSDFN4E","Counterspeech Identification","Counterspeech Identification","hate speech, counter speech, social media, identification","$0.01","Fri Feb 28 11:01:25 PST 2020","3","BatchId:3937885;OriginalHitTemplateId:928390909;","3600","259200","Fri Mar 06 11:01:25 PST 2020","","","33TIN5LC0579MB4EFZPAVBR9XUMY9W","A9KV8Q3VJY3Q5","Submitted","Fri Feb 28 11:19:01 PST 2020","Fri Feb 28 11:19:05 PST 2020","Mon Mar 02 11:19:05 PST 2020","","","","4","0% (0/0)","0% (0/0)","0% (0/0)","original post","Those guarded walled in people say no this man knows why","https://mbasic.facebook.com/story.php?story_fbid=10162169751605725&id=153080620724&p=790&av=100006202006442&eav=AfYrxMUGBbp03fbpct7a6yRMibWVXH6LHGCqa03Do9fJysiGQWH-o8qluvBm3Nx1Uc4&refid=52","Humor"
"302OLP89DZ4727GKLBGJ6VEOAT1AC0","3P7L6K2EZ9XVGD5DVSKNTJFSSDFN4E","Counterspeech Identification","Counterspeech Identification","hate speech, counter speech, social media, identification","$0.01","Fri Feb 28 11:01:25 PST 2020","3","BatchId:3937885;OriginalHitTemplateId:928390909;","3600","259200","Fri Mar 06 11:01:25 PST 2020","","","3FE2ERCCZY5IKKGJQ1C9FATMOO2PO4","A2SDK993QYEAWJ","Submitted","Fri Feb 28 11:08:41 PST 2020","Fri Feb 28 11:08:44 PST 2020","Mon Mar 02 11:08:44 PST 2020","","","","3","0% (0/0)","0% (0/0)","0% (0/0)","original post","Those guarded walled in people say no this man knows why","https://mbasic.facebook.com/story.php?story_fbid=10162169751605725&id=153080620724&p=790&av=100006202006442&eav=AfYrxMUGBbp03fbpct7a6yRMibWVXH6LHGCqa03Do9fJysiGQWH-o8qluvBm3Nx1Uc4&refid=52","Not Counterspeech"
"302OLP89DZ4727GKLBGJ6VEOAT1AC0","3P7L6K2EZ9XVGD5DVSKNTJFSSDFN4E","Counterspeech Identification","Counterspeech Identification","hate speech, counter speech, social media, identification","$0.01","Fri Feb 28 11:01:25 PST 2020","3","BatchId:3937885;OriginalHitTemplateId:928390909;","3600","259200","Fri Mar 06 11:01:25 PST 2020","","","3K3R2QNK8C0S52K95YSLSQLW16B9U9","A344S14EBWE8L4","Submitted","Fri Feb 28 11:16:52 PST 2020","Fri Feb 28 11:16:59 PST 2020","Mon Mar 02 11:16:59 PST 2020","","","","7","0% (0/0)","0% (0/0)","0% (0/0)","original post","Those guarded walled in people say no this man knows why","https://mbasic.facebook.com/story.php?story_fbid=10162169751605725&id=153080620724&p=790&av=100006202006442&eav=AfYrxMUGBbp03fbpct7a6yRMibWVXH6LHGCqa03Do9fJysiGQWH-o8qluvBm3Nx1Uc4&refid=52","Positive tone"
"302OLP89DZ4727GKLBGJ6VEOAT2CA3","3P7L6K2EZ9XVGD5DVSKNTJFSSDFN4E","Counterspeech Identification","Counterspeech Identification","hate speech, counter speech, social media, identification","$0.01","Fri Feb 28 11:02:18 PST 2020","3","BatchId:3937885;OriginalHitTemplateId:928390909;","3600","259200","Fri Mar 06 11:02:18 PST 2020","","","3KWTYT087106LPV3TUN3PNKB2J65LR","AFQIHS5XX58NR","Submitted","Fri Feb 28 11:50:44 PST 2020","Fri Feb 28 11:50:51 PST 2020","Mon Mar 02 11:50:51 PST 2020","","","","7","0% (0/0)","0% (0/0)","0% (0/0)","Ron O'Hearn we enforce immigration laws every day too so what's your point?","we do...we enforce those laws everyday","https://mbasic.facebook.com/comment/replies/?ctoken=10162169751605725_108161646853709&count=3&curr&pc=1&ft_ent_identifier=10162169751605725&gfid=AQBmS3IjxiMGEpBs&refid=52&__tn__=R","Facts/Logic"
"302OLP89DZ4727GKLBGJ6VEOAT2CA3","3P7L6K2EZ9XVGD5DVSKNTJFSSDFN4E","Counterspeech Identification","Counterspeech Identification","hate speech, counter speech, social media, identification","$0.01","Fri Feb 28 11:02:18 PST 2020","3","BatchId:3937885;OriginalHitTemplateId:928390909;","3600","259200","Fri Mar 06 11:02:18 PST 2020","","","3QAVNHZ3EN13RV7KOQEKXY0XUX6AL1","A2SDK993QYEAWJ","Submitted","Fri Feb 28 11:44:57 PST 2020","Fri Feb 28 11:45:01 PST 2020","Mon Mar 02 11:45:01 PST 2020","","","","4","0% (0/0)","0% (0/0)","0% (0/0)","Ron O'Hearn we enforce immigration laws every day too so what's your point?","we do...we enforce those laws everyday","https://mbasic.facebook.com/comment/replies/?ctoken=10162169751605725_108161646853709&count=3&curr&pc=1&ft_ent_identifier=10162169751605725&gfid=AQBmS3IjxiMGEpBs&refid=52&__tn__=R","Not Counterspeech"
"302OLP89DZ4727GKLBGJ6VEOAT2CA3","3P7L6K2EZ9XVGD5DVSKNTJFSSDFN4E","Counterspeech Identification","Counterspeech Identification","hate speech, counter speech, social media, identification","$0.01","Fri Feb 28 11:02:18 PST 2020","3","BatchId:3937885;OriginalHitTemplateId:928390909;","3600","259200","Fri Mar 06 11:02:18 PST 2020","","","3QY7M81QH8JAONR4WNQZ87LS4PT7K2","A1SK0GV4SSOH1A","Submitted","Fri Feb 28 11:35:10 PST 2020","Fri Feb 28 11:35:18 PST 2020","Mon Mar 02 11:35:18 PST 2020","","","","8","0% (0/0)","0% (0/0)","0% (0/0)","Ron O'Hearn we enforce immigration laws every day too so what's your point?","we do...we enforce those laws everyday","https://mbasic.facebook.com/comment/replies/?ctoken=10162169751605725_108161646853709&count=3&curr&pc=1&ft_ent_identifier=10162169751605725&gfid=AQBmS3IjxiMGEpBs&refid=52&__tn__=R","Not Counterspeech"
"302OLP89DZ4727GKLBGJ6VEOAT3AC2","3P7L6K2EZ9XVGD5DVSKNTJFSSDFN4E","Counterspeech Identification","Counterspeech Identification","hate speech, counter speech, social media, identification","$0.01","Fri Feb 28 11:03:05 PST 2020","3","BatchId:3937885;OriginalHitTemplateId:928390909;","3600","259200","Fri Mar 06 11:03:05 PST 2020","","","32SCWG5HII1SVEAFQ5QFYA7V3OL6P9","A3BCGN11HDM8QR","Submitted","Fri Feb 28 12:06:06 PST 2020","Fri Feb 28 12:06:12 PST 2020","Mon Mar 02 12:06:12 PST 2020","","","","6","0% (0/0)","0% (0/0)","0% (0/0)","Kim Miller The reason why you have a problem right now is because you got a whole lot of bad people into your country that use those weapons in a bad way.  When you try to steal the power from an American what he do? He take his gun and go get back whats him.  Some law give you some power that you don't seem to appreciate","Kim Miller The reason why you have a problem right now is because you got a whole lot of bad people into your country that use those weapons in a bad way.  When you try to steal the power from an American what he do? He take his gun and go get back whats him.  Some law give you some power that you don't seem to appreciate","https://mbasic.facebook.com/comment/replies/?ctoken=10162169751605725_292839894714245&count=7&curr&pc=1&ft_ent_identifier=10162169751605725&gfid=AQBQsBNj_RQTCcrf&refid=52&__tn__=R","Facts/Logic"
"302OLP89DZ4727GKLBGJ6VEOAT3AC2","3P7L6K2EZ9XVGD5DVSKNTJFSSDFN4E","Counterspeech Identification","Counterspeech Identification","hate speech, counter speech, social media, identification","$0.01","Fri Feb 28 11:03:05 PST 2020","3","BatchId:3937885;OriginalHitTemplateId:928390909;","3600","259200","Fri Mar 06 11:03:05 PST 2020","","","39GXDJN2OUBS4CQZ5WWCOGS4V7B8VH","A2SDK993QYEAWJ","Submitted","Fri Feb 28 12:02:11 PST 2020","Fri Feb 28 12:02:15 PST 2020","Mon Mar 02 12:02:15 PST 2020","","","","4","0% (0/0)","0% (0/0)","0% (0/0)","Kim Miller The reason why you have a problem right now is because you got a whole lot of bad people into your country that use those weapons in a bad way.  When you try to steal the power from an American what he do? He take his gun and go get back whats him.  Some law give you some power that you don't seem to appreciate","Kim Miller The reason why you have a problem right now is because you got a whole lot of bad people into your country that use those weapons in a bad way.  When you try to steal the power from an American what he do? He take his gun and go get back whats him.  Some law give you some power that you don't seem to appreciate","https://mbasic.facebook.com/comment/replies/?ctoken=10162169751605725_292839894714245&count=7&curr&pc=1&ft_ent_identifier=10162169751605725&gfid=AQBQsBNj_RQTCcrf&refid=52&__tn__=R","Positive tone"
"302OLP89DZ4727GKLBGJ6VEOAT3AC2","3P7L6K2EZ9XVGD5DVSKNTJFSSDFN4E","Counterspeech Identification","Counterspeech Identification","hate speech, counter speech, social media, identification","$0.01","Fri Feb 28 11:03:05 PST 2020","3","BatchId:3937885;OriginalHitTemplateId:928390909;","3600","259200","Fri Mar 06 11:03:05 PST 2020","","","3HMVI3QICKPRX61JBMAHG59QZIB1Y3","AT9UG11XAEDZL","Submitted","Fri Feb 28 12:20:21 PST 2020","Fri Feb 28 12:20:26 PST 2020","Mon Mar 02 12:20:26 PST 2020","","","","5","0% (0/0)","0% (0/0)","0% (0/0)","Kim Miller The reason why you have a problem right now is because you got a whole lot of bad people into your country that use those weapons in a bad way.  When you try to steal the power from an American what he do? He take his gun and go get back whats him.  Some law give you some power that you don't seem to appreciate","Kim Miller The reason why you have a problem right now is because you got a whole lot of bad people into your country that use those weapons in a bad way.  When you try to steal the power from an American what he do? He take his gun and go get back whats him.  Some law give you some power that you don't seem to appreciate","https://mbasic.facebook.com/comment/replies/?ctoken=10162169751605725_292839894714245&count=7&curr&pc=1&ft_ent_identifier=10162169751605725&gfid=AQBQsBNj_RQTCcrf&refid=52&__tn__=R","Counterspeech"
"302OLP89DZ4727GKLBGJ6VEOAT3CA4","3P7L6K2EZ9XVGD5DVSKNTJFSSDFN4E","Counterspeech Identification","Counterspeech Identification","hate speech, counter speech, social media, identification","$0.01","Fri Feb 28 11:02:59 PST 2020","3","BatchId:3937885;OriginalHitTemplateId:928390909;","3600","259200","Fri Mar 06 11:02:59 PST 2020","","","32XVDSJFP0UYSAU1BNMKRTWOIE7M2B","A3GQKLVC6TGL5F","Submitted","Fri Feb 28 12:03:08 PST 2020","Fri Feb 28 12:03:18 PST 2020","Mon Mar 02 12:03:18 PST 2020","","","","10","0% (0/0)","0% (0/0)","0% (0/0)","And that millionaire could of got anything he wanted","Trump morons...","https://mbasic.facebook.com/comment/replies/?ctoken=10162169751605725_1990203897948930&p=1&count=12&pc=2&pgdir=1&ft_ent_identifier=10162169751605725&gfid=AQCsMTCUrqmNxjKz","Negative tone"
"302OLP89DZ4727GKLBGJ6VEOAT3CA4","3P7L6K2EZ9XVGD5DVSKNTJFSSDFN4E","Counterspeech Identification","Counterspeech Identification","hate speech, counter speech, social media, identification","$0.01","Fri Feb 28 11:02:59 PST 2020","3","BatchId:3937885;OriginalHitTemplateId:928390909;","3600","259200","Fri Mar 06 11:02:59 PST 2020","","","3EF8EXOTT2S12H6KPM9E6IU2MEY1J5","A9KV8Q3VJY3Q5","Submitted","Fri Feb 28 12:00:35 PST 2020","Fri Feb 28 12:00:41 PST 2020","Mon Mar 02 12:00:41 PST 2020","","","","6","0% (0/0)","0% (0/0)","0% (0/0)","And that millionaire could of got anything he wanted","Trump morons...","https://mbasic.facebook.com/comment/replies/?ctoken=10162169751605725_1990203897948930&p=1&count=12&pc=2&pgdir=1&ft_ent_identifier=10162169751605725&gfid=AQCsMTCUrqmNxjKz","Positive tone"
"302OLP89DZ4727GKLBGJ6VEOAT3CA4","3P7L6K2EZ9XVGD5DVSKNTJFSSDFN4E","Counterspeech Identification","Counterspeech Identification","hate speech, counter speech, social media, identification","$0.01","Fri Feb 28 11:02:59 PST 2020","3","BatchId:3937885;OriginalHitTemplateId:928390909;","3600","259200","Fri Mar 06 11:02:59 PST 2020","","","3TK8OJTYM2IDA4PGRDYNA2NUKHAPVH","A3BCGN11HDM8QR","Submitted","Fri Feb 28 11:59:35 PST 2020","Fri Feb 28 11:59:42 PST 2020","Mon Mar 02 11:59:42 PST 2020","","","","7","0% (0/0)","0% (0/0)","0% (0/0)","And that millionaire could of got anything he wanted","Trump morons...","https://mbasic.facebook.com/comment/replies/?ctoken=10162169751605725_1990203897948930&p=1&count=12&pc=2&pgdir=1&ft_ent_identifier=10162169751605725&gfid=AQCsMTCUrqmNxjKz","Affiliation"
"302OLP89DZ4727GKLBGJ6VEOAT4AC3","3P7L6K2EZ9XVGD5DVSKNTJFSSDFN4E","Counterspeech Identification","Counterspeech Identification","hate speech, counter speech, social media, identification","$0.01","Fri Feb 28 11:03:49 PST 2020","3","BatchId:3937885;OriginalHitTemplateId:928390909;","3600","259200","Fri Mar 06 11:03:49 PST 2020","","","36V4Q8R5ZLXFKTWMDYCLNBURYKUMQY","A1SK0GV4SSOH1A","Submitted","Fri Feb 28 12:53:35 PST 2020","Fri Feb 28 12:53:41 PST 2020","Mon Mar 02 12:53:41 PST 2020","","","","6","0% (0/0)","0% (0/0)","0% (0/0)","original post","Thank You Mr President for Wanting to Keep Us Safe I know the Democrats Dont care because They will lose Illegal Votes but I know You Care Thank You.","https://mbasic.facebook.com/story.php?story_fbid=10162169751605725&id=153080620724&p=420&av=100006202006442&eav=Afbg_4jnoBswdTBgNbvi39aUlQ1m0ymOEfHF_fpPxtcz247DbaKvM6FZ7t6doOiWZzE&refid=52","Not Counterspeech"
"302OLP89DZ4727GKLBGJ6VEOAT4AC3","3P7L6K2EZ9XVGD5DVSKNTJFSSDFN4E","Counterspeech Identification","Counterspeech Identification","hate speech, counter speech, social media, identification","$0.01","Fri Feb 28 11:03:49 PST 2020","3","BatchId:3937885;OriginalHitTemplateId:928390909;","3600","259200","Fri Mar 06 11:03:49 PST 2020","","","3M1CVSFP612EISNXGVMGEKZR433AQ0","A2MCNGY62MPRI5","Submitted","Fri Feb 28 12:34:36 PST 2020","Fri Feb 28 12:34:51 PST 2020","Mon Mar 02 12:34:51 PST 2020","","","","15","0% (0/0)","0% (0/0)","0% (0/0)","original post","Thank You Mr President for Wanting to Keep Us Safe I know the Democrats Dont care because They will lose Illegal Votes but I know You Care Thank You.","https://mbasic.facebook.com/story.php?story_fbid=10162169751605725&id=153080620724&p=420&av=100006202006442&eav=Afbg_4jnoBswdTBgNbvi39aUlQ1m0ymOEfHF_fpPxtcz247DbaKvM6FZ7t6doOiWZzE&refid=52","Positive tone"
"302OLP89DZ4727GKLBGJ6VEOAT4AC3","3P7L6K2EZ9XVGD5DVSKNTJFSSDFN4E","Counterspeech Identification","Counterspeech Identification","hate speech, counter speech, social media, identification","$0.01","Fri Feb 28 11:03:49 PST 2020","3","BatchId:3937885;OriginalHitTemplateId:928390909;","3600","259200","Fri Mar 06 11:03:49 PST 2020","","","3N4BPTXIO9PCMY309VJAIZZCC04UK5","A1FEJS70EDTRVJ","Submitted","Fri Feb 28 12:45:23 PST 2020","Fri Feb 28 12:45:27 PST 2020","Mon Mar 02 12:45:27 PST 2020","","","","4","0% (0/0)","0% (0/0)","0% (0/0)","original post","Thank You Mr President for Wanting to Keep Us Safe I know the Democrats Dont care because They will lose Illegal Votes but I know You Care Thank You.","https://mbasic.facebook.com/story.php?story_fbid=10162169751605725&id=153080620724&p=420&av=100006202006442&eav=Afbg_4jnoBswdTBgNbvi39aUlQ1m0ymOEfHF_fpPxtcz247DbaKvM6FZ7t6doOiWZzE&refid=52","Positive tone"
"302OLP89DZ4727GKLBGJ6VEOAT4CA5","3P7L6K2EZ9XVGD5DVSKNTJFSSDFN4E","Counterspeech Identification","Counterspeech Identification","hate speech, counter speech, social media, identification","$0.01","Fri Feb 28 11:03:49 PST 2020","3","BatchId:3937885;OriginalHitTemplateId:928390909;","3600","259200","Fri Mar 06 11:03:49 PST 2020","","","3HMVI3QICKPRX61JBMAHG59QZIE1Y6","A344S14EBWE8L4","Submitted","Fri Feb 28 12:36:59 PST 2020","Fri Feb 28 12:37:08 PST 2020","Mon Mar 02 12:37:08 PST 2020","","","","9","0% (0/0)","0% (0/0)","0% (0/0)","original post","Protection means we the people have the right to our weapons!","https://mbasic.facebook.com/story.php?story_fbid=10162169751605725&id=153080620724&p=420&av=100006202006442&eav=Afbg_4jnoBswdTBgNbvi39aUlQ1m0ymOEfHF_fpPxtcz247DbaKvM6FZ7t6doOiWZzE&refid=52","Facts/Logic"
"302OLP89DZ4727GKLBGJ6VEOAT4CA5","3P7L6K2EZ9XVGD5DVSKNTJFSSDFN4E","Counterspeech Identification","Counterspeech Identification","hate speech, counter speech, social media, identification","$0.01","Fri Feb 28 11:03:49 PST 2020","3","BatchId:3937885;OriginalHitTemplateId:928390909;","3600","259200","Fri Mar 06 11:03:49 PST 2020","","","3HYA4D452SGSM02KP0I7W3CFLD2F24","A26Z5PHC885L9A","Submitted","Fri Feb 28 12:38:56 PST 2020","Fri Feb 28 12:39:18 PST 2020","Mon Mar 02 12:39:18 PST 2020","","","","22","0% (0/0)","0% (0/0)","0% (0/0)","original post","Protection means we the people have the right to our weapons!","https://mbasic.facebook.com/story.php?story_fbid=10162169751605725&id=153080620724&p=420&av=100006202006442&eav=Afbg_4jnoBswdTBgNbvi39aUlQ1m0ymOEfHF_fpPxtcz247DbaKvM6FZ7t6doOiWZzE&refid=52","Facts/Logic"
"302OLP89DZ4727GKLBGJ6VEOAT4CA5","3P7L6K2EZ9XVGD5DVSKNTJFSSDFN4E","Counterspeech Identification","Counterspeech Identification","hate speech, counter speech, social media, identification","$0.01","Fri Feb 28 11:03:49 PST 2020","3","BatchId:3937885;OriginalHitTemplateId:928390909;","3600","259200","Fri Mar 06 11:03:49 PST 2020","","","3WAKVUDHUXDORJWGQ1U1EUUQ6G2U7X","A1L2B0TD5EO9VJ","Submitted","Fri Feb 28 12:33:21 PST 2020","Fri Feb 28 12:33:27 PST 2020","Mon Mar 02 12:33:27 PST 2020","","","","6","0% (0/0)","0% (0/0)","0% (0/0)","original post","Protection means we the people have the right to our weapons!","https://mbasic.facebook.com/story.php?story_fbid=10162169751605725&id=153080620724&p=420&av=100006202006442&eav=Afbg_4jnoBswdTBgNbvi39aUlQ1m0ymOEfHF_fpPxtcz247DbaKvM6FZ7t6doOiWZzE&refid=52","Not Counterspeech"
"302OLP89DZ4727GKLBGJ6VEOAT5AC4","3P7L6K2EZ9XVGD5DVSKNTJFSSDFN4E","Counterspeech Identification","Counterspeech Identification","hate speech, counter speech, social media, identification","$0.01","Fri Feb 28 11:04:50 PST 2020","3","BatchId:3937885;OriginalHitTemplateId:928390909;","3600","259200","Fri Mar 06 11:04:50 PST 2020","","","3AMYWKA6YCJAAEYEB5D09A25TKDO60","A1FEJS70EDTRVJ","Submitted","Fri Feb 28 14:43:03 PST 2020","Fri Feb 28 14:43:09 PST 2020","Mon Mar 02 14:43:09 PST 2020","","","","6","0% (0/0)","0% (0/0)","0% (0/0)","A lot of Americans are killed by guns.  Should we ban guns?","(Some died.  Ban immigrants and build a wall)","https://mbasic.facebook.com/comment/replies/?ctoken=10162169751605725_374943533324608&count=3&curr&pc=1&ft_ent_identifier=10162169751605725&gfid=AQBRmM7dCUwJ_hs6&refid=52&__tn__=R","Positive tone"
"302OLP89DZ4727GKLBGJ6VEOAT5AC4","3P7L6K2EZ9XVGD5DVSKNTJFSSDFN4E","Counterspeech Identification","Counterspeech Identification","hate speech, counter speech, social media, identification","$0.01","Fri Feb 28 11:04:50 PST 2020","3","BatchId:3937885;OriginalHitTemplateId:928390909;","3600","259200","Fri Mar 06 11:04:50 PST 2020","","","3WRFBPLXRBLTVABKROFPNIQGTJ7N3F","A1QO9VVPEL0QV8","Submitted","Fri Feb 28 14:52:25 PST 2020","Fri Feb 28 14:52:39 PST 2020","Mon Mar 02 14:52:39 PST 2020","","","","14","0% (0/0)","0% (0/0)","0% (0/0)","A lot of Americans are killed by guns.  Should we ban guns?","(Some died.  Ban immigrants and build a wall)","https://mbasic.facebook.com/comment/replies/?ctoken=10162169751605725_374943533324608&count=3&curr&pc=1&ft_ent_identifier=10162169751605725&gfid=AQBRmM7dCUwJ_hs6&refid=52&__tn__=R","Counterspeech"
"302OLP89DZ4727GKLBGJ6VEOAT5AC4","3P7L6K2EZ9XVGD5DVSKNTJFSSDFN4E","Counterspeech Identification","Counterspeech Identification","hate speech, counter speech, social media, identification","$0.01","Fri Feb 28 11:04:50 PST 2020","3","BatchId:3937885;OriginalHitTemplateId:928390909;","3600","259200","Fri Mar 06 11:04:50 PST 2020","","","3X4JMASXCN6VD9NQ5BSXUPSF9ICB0M","A1SK0GV4SSOH1A","Submitted","Fri Feb 28 15:06:32 PST 2020","Fri Feb 28 15:06:37 PST 2020","Mon Mar 02 15:06:37 PST 2020","","","","5","0% (0/0)","0% (0/0)","0% (0/0)","A lot of Americans are killed by guns.  Should we ban guns?","(Some died.  Ban immigrants and build a wall)","https://mbasic.facebook.com/comment/replies/?ctoken=10162169751605725_374943533324608&count=3&curr&pc=1&ft_ent_identifier=10162169751605725&gfid=AQBRmM7dCUwJ_hs6&refid=52&__tn__=R","Negative tone"
